"state","scenario","year_offset","removed_cum_Tg"
"AL","reserve (no harvest)",0,0
"AL","reserve (no harvest)",10,0
"AL","reserve (no harvest)",20,0
"AL","reserve (no harvest)",30,0
"AL","reserve (no harvest)",40,0
"AL","reserve (no harvest)",50,0
"AL","reserve (no harvest)",60,0
"AL","reserve (no harvest)",70,0
"AL","reserve (no harvest)",80,0
"AL","reserve (no harvest)",90,0
"AL","reserve (no harvest)",100,0
"AR","reserve (no harvest)",0,0
"AR","reserve (no harvest)",10,0
"AR","reserve (no harvest)",20,0
"AR","reserve (no harvest)",30,0
"AR","reserve (no harvest)",40,0
"AR","reserve (no harvest)",50,0
"AR","reserve (no harvest)",60,0
"AR","reserve (no harvest)",70,0
"AR","reserve (no harvest)",80,0
"AR","reserve (no harvest)",90,0
"AR","reserve (no harvest)",100,0
"AZ","reserve (no harvest)",0,0
"AZ","reserve (no harvest)",10,0
"AZ","reserve (no harvest)",20,0
"AZ","reserve (no harvest)",30,0
"AZ","reserve (no harvest)",40,0
"AZ","reserve (no harvest)",50,0
"AZ","reserve (no harvest)",60,0
"AZ","reserve (no harvest)",70,0
"AZ","reserve (no harvest)",80,0
"AZ","reserve (no harvest)",90,0
"AZ","reserve (no harvest)",100,0
"CA","reserve (no harvest)",0,0
"CA","reserve (no harvest)",10,0
"CA","reserve (no harvest)",20,0
"CA","reserve (no harvest)",30,0
"CA","reserve (no harvest)",40,0
"CA","reserve (no harvest)",50,0
"CA","reserve (no harvest)",60,0
"CA","reserve (no harvest)",70,0
"CA","reserve (no harvest)",80,0
"CA","reserve (no harvest)",90,0
"CA","reserve (no harvest)",100,0
"CO","reserve (no harvest)",0,0
"CO","reserve (no harvest)",10,0
"CO","reserve (no harvest)",20,0
"CO","reserve (no harvest)",30,0
"CO","reserve (no harvest)",40,0
"CO","reserve (no harvest)",50,0
"CO","reserve (no harvest)",60,0
"CO","reserve (no harvest)",70,0
"CO","reserve (no harvest)",80,0
"CO","reserve (no harvest)",90,0
"CO","reserve (no harvest)",100,0
"CT","reserve (no harvest)",0,0
"CT","reserve (no harvest)",10,0
"CT","reserve (no harvest)",20,0
"CT","reserve (no harvest)",30,0
"CT","reserve (no harvest)",40,0
"CT","reserve (no harvest)",50,0
"CT","reserve (no harvest)",60,0
"CT","reserve (no harvest)",70,0
"CT","reserve (no harvest)",80,0
"CT","reserve (no harvest)",90,0
"CT","reserve (no harvest)",100,0
"DE","reserve (no harvest)",0,0
"DE","reserve (no harvest)",10,0
"DE","reserve (no harvest)",20,0
"DE","reserve (no harvest)",30,0
"DE","reserve (no harvest)",40,0
"DE","reserve (no harvest)",50,0
"DE","reserve (no harvest)",60,0
"DE","reserve (no harvest)",70,0
"DE","reserve (no harvest)",80,0
"DE","reserve (no harvest)",90,0
"DE","reserve (no harvest)",100,0
"FL","reserve (no harvest)",0,0
"FL","reserve (no harvest)",10,0
"FL","reserve (no harvest)",20,0
"FL","reserve (no harvest)",30,0
"FL","reserve (no harvest)",40,0
"FL","reserve (no harvest)",50,0
"FL","reserve (no harvest)",60,0
"FL","reserve (no harvest)",70,0
"FL","reserve (no harvest)",80,0
"FL","reserve (no harvest)",90,0
"FL","reserve (no harvest)",100,0
"GA","reserve (no harvest)",0,0
"GA","reserve (no harvest)",10,0
"GA","reserve (no harvest)",20,0
"GA","reserve (no harvest)",30,0
"GA","reserve (no harvest)",40,0
"GA","reserve (no harvest)",50,0
"GA","reserve (no harvest)",60,0
"GA","reserve (no harvest)",70,0
"GA","reserve (no harvest)",80,0
"GA","reserve (no harvest)",90,0
"GA","reserve (no harvest)",100,0
"IA","reserve (no harvest)",0,0
"IA","reserve (no harvest)",10,0
"IA","reserve (no harvest)",20,0
"IA","reserve (no harvest)",30,0
"IA","reserve (no harvest)",40,0
"IA","reserve (no harvest)",50,0
"IA","reserve (no harvest)",60,0
"IA","reserve (no harvest)",70,0
"IA","reserve (no harvest)",80,0
"IA","reserve (no harvest)",90,0
"IA","reserve (no harvest)",100,0
"ID","reserve (no harvest)",0,0
"ID","reserve (no harvest)",10,0
"ID","reserve (no harvest)",20,0
"ID","reserve (no harvest)",30,0
"ID","reserve (no harvest)",40,0
"ID","reserve (no harvest)",50,0
"ID","reserve (no harvest)",60,0
"ID","reserve (no harvest)",70,0
"ID","reserve (no harvest)",80,0
"ID","reserve (no harvest)",90,0
"ID","reserve (no harvest)",100,0
"IL","reserve (no harvest)",0,0
"IL","reserve (no harvest)",10,0
"IL","reserve (no harvest)",20,0
"IL","reserve (no harvest)",30,0
"IL","reserve (no harvest)",40,0
"IL","reserve (no harvest)",50,0
"IL","reserve (no harvest)",60,0
"IL","reserve (no harvest)",70,0
"IL","reserve (no harvest)",80,0
"IL","reserve (no harvest)",90,0
"IL","reserve (no harvest)",100,0
"IN","reserve (no harvest)",0,0
"IN","reserve (no harvest)",10,0
"IN","reserve (no harvest)",20,0
"IN","reserve (no harvest)",30,0
"IN","reserve (no harvest)",40,0
"IN","reserve (no harvest)",50,0
"IN","reserve (no harvest)",60,0
"IN","reserve (no harvest)",70,0
"IN","reserve (no harvest)",80,0
"IN","reserve (no harvest)",90,0
"IN","reserve (no harvest)",100,0
"KS","reserve (no harvest)",0,0
"KS","reserve (no harvest)",10,0
"KS","reserve (no harvest)",20,0
"KS","reserve (no harvest)",30,0
"KS","reserve (no harvest)",40,0
"KS","reserve (no harvest)",50,0
"KS","reserve (no harvest)",60,0
"KS","reserve (no harvest)",70,0
"KS","reserve (no harvest)",80,0
"KS","reserve (no harvest)",90,0
"KS","reserve (no harvest)",100,0
"KY","reserve (no harvest)",0,0
"KY","reserve (no harvest)",10,0
"KY","reserve (no harvest)",20,0
"KY","reserve (no harvest)",30,0
"KY","reserve (no harvest)",40,0
"KY","reserve (no harvest)",50,0
"KY","reserve (no harvest)",60,0
"KY","reserve (no harvest)",70,0
"KY","reserve (no harvest)",80,0
"KY","reserve (no harvest)",90,0
"KY","reserve (no harvest)",100,0
"LA","reserve (no harvest)",0,0
"LA","reserve (no harvest)",10,0
"LA","reserve (no harvest)",20,0
"LA","reserve (no harvest)",30,0
"LA","reserve (no harvest)",40,0
"LA","reserve (no harvest)",50,0
"LA","reserve (no harvest)",60,0
"LA","reserve (no harvest)",70,0
"LA","reserve (no harvest)",80,0
"LA","reserve (no harvest)",90,0
"LA","reserve (no harvest)",100,0
"MA","reserve (no harvest)",0,0
"MA","reserve (no harvest)",10,0
"MA","reserve (no harvest)",20,0
"MA","reserve (no harvest)",30,0
"MA","reserve (no harvest)",40,0
"MA","reserve (no harvest)",50,0
"MA","reserve (no harvest)",60,0
"MA","reserve (no harvest)",70,0
"MA","reserve (no harvest)",80,0
"MA","reserve (no harvest)",90,0
"MA","reserve (no harvest)",100,0
"MD","reserve (no harvest)",0,0
"MD","reserve (no harvest)",10,0
"MD","reserve (no harvest)",20,0
"MD","reserve (no harvest)",30,0
"MD","reserve (no harvest)",40,0
"MD","reserve (no harvest)",50,0
"MD","reserve (no harvest)",60,0
"MD","reserve (no harvest)",70,0
"MD","reserve (no harvest)",80,0
"MD","reserve (no harvest)",90,0
"MD","reserve (no harvest)",100,0
"ME","reserve (no harvest)",0,0
"ME","reserve (no harvest)",10,0
"ME","reserve (no harvest)",20,0
"ME","reserve (no harvest)",30,0
"ME","reserve (no harvest)",40,0
"ME","reserve (no harvest)",50,0
"ME","reserve (no harvest)",60,0
"ME","reserve (no harvest)",70,0
"ME","reserve (no harvest)",80,0
"ME","reserve (no harvest)",90,0
"ME","reserve (no harvest)",100,0
"MI","reserve (no harvest)",0,0
"MI","reserve (no harvest)",10,0
"MI","reserve (no harvest)",20,0
"MI","reserve (no harvest)",30,0
"MI","reserve (no harvest)",40,0
"MI","reserve (no harvest)",50,0
"MI","reserve (no harvest)",60,0
"MI","reserve (no harvest)",70,0
"MI","reserve (no harvest)",80,0
"MI","reserve (no harvest)",90,0
"MI","reserve (no harvest)",100,0
"MN","reserve (no harvest)",0,0
"MN","reserve (no harvest)",10,0
"MN","reserve (no harvest)",20,0
"MN","reserve (no harvest)",30,0
"MN","reserve (no harvest)",40,0
"MN","reserve (no harvest)",50,0
"MN","reserve (no harvest)",60,0
"MN","reserve (no harvest)",70,0
"MN","reserve (no harvest)",80,0
"MN","reserve (no harvest)",90,0
"MN","reserve (no harvest)",100,0
"MO","reserve (no harvest)",0,0
"MO","reserve (no harvest)",10,0
"MO","reserve (no harvest)",20,0
"MO","reserve (no harvest)",30,0
"MO","reserve (no harvest)",40,0
"MO","reserve (no harvest)",50,0
"MO","reserve (no harvest)",60,0
"MO","reserve (no harvest)",70,0
"MO","reserve (no harvest)",80,0
"MO","reserve (no harvest)",90,0
"MO","reserve (no harvest)",100,0
"MS","reserve (no harvest)",0,0
"MS","reserve (no harvest)",10,0
"MS","reserve (no harvest)",20,0
"MS","reserve (no harvest)",30,0
"MS","reserve (no harvest)",40,0
"MS","reserve (no harvest)",50,0
"MS","reserve (no harvest)",60,0
"MS","reserve (no harvest)",70,0
"MS","reserve (no harvest)",80,0
"MS","reserve (no harvest)",90,0
"MS","reserve (no harvest)",100,0
"MT","reserve (no harvest)",0,0
"MT","reserve (no harvest)",10,0
"MT","reserve (no harvest)",20,0
"MT","reserve (no harvest)",30,0
"MT","reserve (no harvest)",40,0
"MT","reserve (no harvest)",50,0
"MT","reserve (no harvest)",60,0
"MT","reserve (no harvest)",70,0
"MT","reserve (no harvest)",80,0
"MT","reserve (no harvest)",90,0
"MT","reserve (no harvest)",100,0
"NC","reserve (no harvest)",0,0
"NC","reserve (no harvest)",10,0
"NC","reserve (no harvest)",20,0
"NC","reserve (no harvest)",30,0
"NC","reserve (no harvest)",40,0
"NC","reserve (no harvest)",50,0
"NC","reserve (no harvest)",60,0
"NC","reserve (no harvest)",70,0
"NC","reserve (no harvest)",80,0
"NC","reserve (no harvest)",90,0
"NC","reserve (no harvest)",100,0
"ND","reserve (no harvest)",0,0
"ND","reserve (no harvest)",10,0
"ND","reserve (no harvest)",20,0
"ND","reserve (no harvest)",30,0
"ND","reserve (no harvest)",40,0
"ND","reserve (no harvest)",50,0
"ND","reserve (no harvest)",60,0
"ND","reserve (no harvest)",70,0
"ND","reserve (no harvest)",80,0
"ND","reserve (no harvest)",90,0
"ND","reserve (no harvest)",100,0
"NE","reserve (no harvest)",0,0
"NE","reserve (no harvest)",10,0
"NE","reserve (no harvest)",20,0
"NE","reserve (no harvest)",30,0
"NE","reserve (no harvest)",40,0
"NE","reserve (no harvest)",50,0
"NE","reserve (no harvest)",60,0
"NE","reserve (no harvest)",70,0
"NE","reserve (no harvest)",80,0
"NE","reserve (no harvest)",90,0
"NE","reserve (no harvest)",100,0
"NH","reserve (no harvest)",0,0
"NH","reserve (no harvest)",10,0
"NH","reserve (no harvest)",20,0
"NH","reserve (no harvest)",30,0
"NH","reserve (no harvest)",40,0
"NH","reserve (no harvest)",50,0
"NH","reserve (no harvest)",60,0
"NH","reserve (no harvest)",70,0
"NH","reserve (no harvest)",80,0
"NH","reserve (no harvest)",90,0
"NH","reserve (no harvest)",100,0
"NJ","reserve (no harvest)",0,0
"NJ","reserve (no harvest)",10,0
"NJ","reserve (no harvest)",20,0
"NJ","reserve (no harvest)",30,0
"NJ","reserve (no harvest)",40,0
"NJ","reserve (no harvest)",50,0
"NJ","reserve (no harvest)",60,0
"NJ","reserve (no harvest)",70,0
"NJ","reserve (no harvest)",80,0
"NJ","reserve (no harvest)",90,0
"NJ","reserve (no harvest)",100,0
"NM","reserve (no harvest)",0,0
"NM","reserve (no harvest)",10,0
"NM","reserve (no harvest)",20,0
"NM","reserve (no harvest)",30,0
"NM","reserve (no harvest)",40,0
"NM","reserve (no harvest)",50,0
"NM","reserve (no harvest)",60,0
"NM","reserve (no harvest)",70,0
"NM","reserve (no harvest)",80,0
"NM","reserve (no harvest)",90,0
"NM","reserve (no harvest)",100,0
"NV","reserve (no harvest)",0,0
"NV","reserve (no harvest)",10,0
"NV","reserve (no harvest)",20,0
"NV","reserve (no harvest)",30,0
"NV","reserve (no harvest)",40,0
"NV","reserve (no harvest)",50,0
"NV","reserve (no harvest)",60,0
"NV","reserve (no harvest)",70,0
"NV","reserve (no harvest)",80,0
"NV","reserve (no harvest)",90,0
"NV","reserve (no harvest)",100,0
"NY","reserve (no harvest)",0,0
"NY","reserve (no harvest)",10,0
"NY","reserve (no harvest)",20,0
"NY","reserve (no harvest)",30,0
"NY","reserve (no harvest)",40,0
"NY","reserve (no harvest)",50,0
"NY","reserve (no harvest)",60,0
"NY","reserve (no harvest)",70,0
"NY","reserve (no harvest)",80,0
"NY","reserve (no harvest)",90,0
"NY","reserve (no harvest)",100,0
"OH","reserve (no harvest)",0,0
"OH","reserve (no harvest)",10,0
"OH","reserve (no harvest)",20,0
"OH","reserve (no harvest)",30,0
"OH","reserve (no harvest)",40,0
"OH","reserve (no harvest)",50,0
"OH","reserve (no harvest)",60,0
"OH","reserve (no harvest)",70,0
"OH","reserve (no harvest)",80,0
"OH","reserve (no harvest)",90,0
"OH","reserve (no harvest)",100,0
"OK","reserve (no harvest)",0,0
"OK","reserve (no harvest)",10,0
"OK","reserve (no harvest)",20,0
"OK","reserve (no harvest)",30,0
"OK","reserve (no harvest)",40,0
"OK","reserve (no harvest)",50,0
"OK","reserve (no harvest)",60,0
"OK","reserve (no harvest)",70,0
"OK","reserve (no harvest)",80,0
"OK","reserve (no harvest)",90,0
"OK","reserve (no harvest)",100,0
"OR","reserve (no harvest)",0,0
"OR","reserve (no harvest)",10,0
"OR","reserve (no harvest)",20,0
"OR","reserve (no harvest)",30,0
"OR","reserve (no harvest)",40,0
"OR","reserve (no harvest)",50,0
"OR","reserve (no harvest)",60,0
"OR","reserve (no harvest)",70,0
"OR","reserve (no harvest)",80,0
"OR","reserve (no harvest)",90,0
"OR","reserve (no harvest)",100,0
"PA","reserve (no harvest)",0,0
"PA","reserve (no harvest)",10,0
"PA","reserve (no harvest)",20,0
"PA","reserve (no harvest)",30,0
"PA","reserve (no harvest)",40,0
"PA","reserve (no harvest)",50,0
"PA","reserve (no harvest)",60,0
"PA","reserve (no harvest)",70,0
"PA","reserve (no harvest)",80,0
"PA","reserve (no harvest)",90,0
"PA","reserve (no harvest)",100,0
"RI","reserve (no harvest)",0,0
"RI","reserve (no harvest)",10,0
"RI","reserve (no harvest)",20,0
"RI","reserve (no harvest)",30,0
"RI","reserve (no harvest)",40,0
"RI","reserve (no harvest)",50,0
"RI","reserve (no harvest)",60,0
"RI","reserve (no harvest)",70,0
"RI","reserve (no harvest)",80,0
"RI","reserve (no harvest)",90,0
"RI","reserve (no harvest)",100,0
"SC","reserve (no harvest)",0,0
"SC","reserve (no harvest)",10,0
"SC","reserve (no harvest)",20,0
"SC","reserve (no harvest)",30,0
"SC","reserve (no harvest)",40,0
"SC","reserve (no harvest)",50,0
"SC","reserve (no harvest)",60,0
"SC","reserve (no harvest)",70,0
"SC","reserve (no harvest)",80,0
"SC","reserve (no harvest)",90,0
"SC","reserve (no harvest)",100,0
"SD","reserve (no harvest)",0,0
"SD","reserve (no harvest)",10,0
"SD","reserve (no harvest)",20,0
"SD","reserve (no harvest)",30,0
"SD","reserve (no harvest)",40,0
"SD","reserve (no harvest)",50,0
"SD","reserve (no harvest)",60,0
"SD","reserve (no harvest)",70,0
"SD","reserve (no harvest)",80,0
"SD","reserve (no harvest)",90,0
"SD","reserve (no harvest)",100,0
"TN","reserve (no harvest)",0,0
"TN","reserve (no harvest)",10,0
"TN","reserve (no harvest)",20,0
"TN","reserve (no harvest)",30,0
"TN","reserve (no harvest)",40,0
"TN","reserve (no harvest)",50,0
"TN","reserve (no harvest)",60,0
"TN","reserve (no harvest)",70,0
"TN","reserve (no harvest)",80,0
"TN","reserve (no harvest)",90,0
"TN","reserve (no harvest)",100,0
"TX","reserve (no harvest)",0,0
"TX","reserve (no harvest)",10,0
"TX","reserve (no harvest)",20,0
"TX","reserve (no harvest)",30,0
"TX","reserve (no harvest)",40,0
"TX","reserve (no harvest)",50,0
"TX","reserve (no harvest)",60,0
"TX","reserve (no harvest)",70,0
"TX","reserve (no harvest)",80,0
"TX","reserve (no harvest)",90,0
"TX","reserve (no harvest)",100,0
"UT","reserve (no harvest)",0,0
"UT","reserve (no harvest)",10,0
"UT","reserve (no harvest)",20,0
"UT","reserve (no harvest)",30,0
"UT","reserve (no harvest)",40,0
"UT","reserve (no harvest)",50,0
"UT","reserve (no harvest)",60,0
"UT","reserve (no harvest)",70,0
"UT","reserve (no harvest)",80,0
"UT","reserve (no harvest)",90,0
"UT","reserve (no harvest)",100,0
"VA","reserve (no harvest)",0,0
"VA","reserve (no harvest)",10,0
"VA","reserve (no harvest)",20,0
"VA","reserve (no harvest)",30,0
"VA","reserve (no harvest)",40,0
"VA","reserve (no harvest)",50,0
"VA","reserve (no harvest)",60,0
"VA","reserve (no harvest)",70,0
"VA","reserve (no harvest)",80,0
"VA","reserve (no harvest)",90,0
"VA","reserve (no harvest)",100,0
"VT","reserve (no harvest)",0,0
"VT","reserve (no harvest)",10,0
"VT","reserve (no harvest)",20,0
"VT","reserve (no harvest)",30,0
"VT","reserve (no harvest)",40,0
"VT","reserve (no harvest)",50,0
"VT","reserve (no harvest)",60,0
"VT","reserve (no harvest)",70,0
"VT","reserve (no harvest)",80,0
"VT","reserve (no harvest)",90,0
"VT","reserve (no harvest)",100,0
"WA","reserve (no harvest)",0,0
"WA","reserve (no harvest)",10,0
"WA","reserve (no harvest)",20,0
"WA","reserve (no harvest)",30,0
"WA","reserve (no harvest)",40,0
"WA","reserve (no harvest)",50,0
"WA","reserve (no harvest)",60,0
"WA","reserve (no harvest)",70,0
"WA","reserve (no harvest)",80,0
"WA","reserve (no harvest)",90,0
"WA","reserve (no harvest)",100,0
"WI","reserve (no harvest)",0,0
"WI","reserve (no harvest)",10,0
"WI","reserve (no harvest)",20,0
"WI","reserve (no harvest)",30,0
"WI","reserve (no harvest)",40,0
"WI","reserve (no harvest)",50,0
"WI","reserve (no harvest)",60,0
"WI","reserve (no harvest)",70,0
"WI","reserve (no harvest)",80,0
"WI","reserve (no harvest)",90,0
"WI","reserve (no harvest)",100,0
"WV","reserve (no harvest)",0,0
"WV","reserve (no harvest)",10,0
"WV","reserve (no harvest)",20,0
"WV","reserve (no harvest)",30,0
"WV","reserve (no harvest)",40,0
"WV","reserve (no harvest)",50,0
"WV","reserve (no harvest)",60,0
"WV","reserve (no harvest)",70,0
"WV","reserve (no harvest)",80,0
"WV","reserve (no harvest)",90,0
"WV","reserve (no harvest)",100,0
"WY","reserve (no harvest)",0,0
"WY","reserve (no harvest)",10,0
"WY","reserve (no harvest)",20,0
"WY","reserve (no harvest)",30,0
"WY","reserve (no harvest)",40,0
"WY","reserve (no harvest)",50,0
"WY","reserve (no harvest)",60,0
"WY","reserve (no harvest)",70,0
"WY","reserve (no harvest)",80,0
"WY","reserve (no harvest)",90,0
"WY","reserve (no harvest)",100,0
"AL","managed (harvest)",0,0
"AL","managed (harvest)",10,41.179
"AL","managed (harvest)",20,77.963
"AL","managed (harvest)",30,119.877
"AL","managed (harvest)",40,151.06
"AL","managed (harvest)",50,180.603
"AL","managed (harvest)",60,206.789
"AL","managed (harvest)",70,236.737
"AL","managed (harvest)",80,257.645
"AL","managed (harvest)",90,273.702
"AL","managed (harvest)",100,290.225
"AR","managed (harvest)",0,0
"AR","managed (harvest)",10,28.336
"AR","managed (harvest)",20,55.994
"AR","managed (harvest)",30,81.704
"AR","managed (harvest)",40,110.128
"AR","managed (harvest)",50,128.044
"AR","managed (harvest)",60,145.86
"AR","managed (harvest)",70,162.699
"AR","managed (harvest)",80,181.021
"AR","managed (harvest)",90,191.989
"AR","managed (harvest)",100,202.175
"AZ","managed (harvest)",0,0
"AZ","managed (harvest)",10,3.036
"AZ","managed (harvest)",20,6.378
"AZ","managed (harvest)",30,9.459
"AZ","managed (harvest)",40,11.871
"AZ","managed (harvest)",50,14.846
"AZ","managed (harvest)",60,17.342
"AZ","managed (harvest)",70,19.488
"AZ","managed (harvest)",80,21.89
"AZ","managed (harvest)",90,24.075
"AZ","managed (harvest)",100,25.707
"CA","managed (harvest)",0,0
"CA","managed (harvest)",10,32.218
"CA","managed (harvest)",20,59.476
"CA","managed (harvest)",30,85.689
"CA","managed (harvest)",40,113.269
"CA","managed (harvest)",50,134.122
"CA","managed (harvest)",60,151.84
"CA","managed (harvest)",70,171.977
"CA","managed (harvest)",80,192.154
"CA","managed (harvest)",90,209.155
"CA","managed (harvest)",100,222.664
"CO","managed (harvest)",0,0
"CO","managed (harvest)",10,10.881
"CO","managed (harvest)",20,19.988
"CO","managed (harvest)",30,29.084
"CO","managed (harvest)",40,36.357
"CO","managed (harvest)",50,43.587
"CO","managed (harvest)",60,50.711
"CO","managed (harvest)",70,56.741
"CO","managed (harvest)",80,63.539
"CO","managed (harvest)",90,68.514
"CO","managed (harvest)",100,73.093
"CT","managed (harvest)",0,0
"CT","managed (harvest)",10,1.449
"CT","managed (harvest)",20,3.783
"CT","managed (harvest)",30,5.046
"CT","managed (harvest)",40,6.75
"CT","managed (harvest)",50,7.417
"CT","managed (harvest)",60,8.519
"CT","managed (harvest)",70,9.19
"CT","managed (harvest)",80,9.916
"CT","managed (harvest)",90,10.257
"CT","managed (harvest)",100,10.688
"DE","managed (harvest)",0,0
"DE","managed (harvest)",10,1.339
"DE","managed (harvest)",20,2.289
"DE","managed (harvest)",30,3.572
"DE","managed (harvest)",40,4.323
"DE","managed (harvest)",50,5.17
"DE","managed (harvest)",60,5.79
"DE","managed (harvest)",70,6.707
"DE","managed (harvest)",80,7.196
"DE","managed (harvest)",90,7.764
"DE","managed (harvest)",100,8.169
"FL","managed (harvest)",0,0
"FL","managed (harvest)",10,14.698
"FL","managed (harvest)",20,28.796
"FL","managed (harvest)",30,43.539
"FL","managed (harvest)",40,57.063
"FL","managed (harvest)",50,66.961
"FL","managed (harvest)",60,75.463
"FL","managed (harvest)",70,86.463
"FL","managed (harvest)",80,96.024
"FL","managed (harvest)",90,102.038
"FL","managed (harvest)",100,108.061
"GA","managed (harvest)",0,0
"GA","managed (harvest)",10,22.226
"GA","managed (harvest)",20,54.842
"GA","managed (harvest)",30,78.592
"GA","managed (harvest)",40,107.524
"GA","managed (harvest)",50,123.486
"GA","managed (harvest)",60,146.488
"GA","managed (harvest)",70,162.725
"GA","managed (harvest)",80,176.975
"GA","managed (harvest)",90,182.737
"GA","managed (harvest)",100,194.191
"IA","managed (harvest)",0,0
"IA","managed (harvest)",10,2.828
"IA","managed (harvest)",20,7.029
"IA","managed (harvest)",30,9.198
"IA","managed (harvest)",40,10.851
"IA","managed (harvest)",50,12.587
"IA","managed (harvest)",60,14.658
"IA","managed (harvest)",70,15.972
"IA","managed (harvest)",80,16.317
"IA","managed (harvest)",90,16.933
"IA","managed (harvest)",100,18.263
"ID","managed (harvest)",0,0
"ID","managed (harvest)",10,16.341
"ID","managed (harvest)",20,28.951
"ID","managed (harvest)",30,39.378
"ID","managed (harvest)",40,52.617
"ID","managed (harvest)",50,63.953
"ID","managed (harvest)",60,72.473
"ID","managed (harvest)",70,82.986
"ID","managed (harvest)",80,91.501
"ID","managed (harvest)",90,98.771
"ID","managed (harvest)",100,105.261
"IL","managed (harvest)",0,0
"IL","managed (harvest)",10,6.771
"IL","managed (harvest)",20,12.77
"IL","managed (harvest)",30,16.924
"IL","managed (harvest)",40,21.531
"IL","managed (harvest)",50,24.123
"IL","managed (harvest)",60,26.819
"IL","managed (harvest)",70,29.115
"IL","managed (harvest)",80,30.2
"IL","managed (harvest)",90,31.897
"IL","managed (harvest)",100,32.834
"IN","managed (harvest)",0,0
"IN","managed (harvest)",10,9.548
"IN","managed (harvest)",20,17.046
"IN","managed (harvest)",30,24.894
"IN","managed (harvest)",40,31.498
"IN","managed (harvest)",50,37.459
"IN","managed (harvest)",60,42.4
"IN","managed (harvest)",70,46.179
"IN","managed (harvest)",80,48.968
"IN","managed (harvest)",90,50.836
"IN","managed (harvest)",100,52.856
"KS","managed (harvest)",0,0
"KS","managed (harvest)",10,0.519
"KS","managed (harvest)",20,0.929
"KS","managed (harvest)",30,1.468
"KS","managed (harvest)",40,1.735
"KS","managed (harvest)",50,2.013
"KS","managed (harvest)",60,2.314
"KS","managed (harvest)",70,2.495
"KS","managed (harvest)",80,2.624
"KS","managed (harvest)",90,2.702
"KS","managed (harvest)",100,2.842
"KY","managed (harvest)",0,0
"KY","managed (harvest)",10,22.263
"KY","managed (harvest)",20,45.482
"KY","managed (harvest)",30,60.894
"KY","managed (harvest)",40,74.46
"KY","managed (harvest)",50,87.828
"KY","managed (harvest)",60,98.017
"KY","managed (harvest)",70,104.877
"KY","managed (harvest)",80,109.456
"KY","managed (harvest)",90,116.357
"KY","managed (harvest)",100,120.472
"LA","managed (harvest)",0,0
"LA","managed (harvest)",10,20.028
"LA","managed (harvest)",20,39.168
"LA","managed (harvest)",30,62.934
"LA","managed (harvest)",40,78.952
"LA","managed (harvest)",50,94.303
"LA","managed (harvest)",60,111.234
"LA","managed (harvest)",70,129.31
"LA","managed (harvest)",80,140.29
"LA","managed (harvest)",90,149.772
"LA","managed (harvest)",100,160.788
"MA","managed (harvest)",0,0
"MA","managed (harvest)",10,4.815
"MA","managed (harvest)",20,7.512
"MA","managed (harvest)",30,10.332
"MA","managed (harvest)",40,12.299
"MA","managed (harvest)",50,13.894
"MA","managed (harvest)",60,16.335
"MA","managed (harvest)",70,17.708
"MA","managed (harvest)",80,18.844
"MA","managed (harvest)",90,19.899
"MA","managed (harvest)",100,20.487
"MD","managed (harvest)",0,0
"MD","managed (harvest)",10,4.358
"MD","managed (harvest)",20,7.639
"MD","managed (harvest)",30,12.027
"MD","managed (harvest)",40,15.215
"MD","managed (harvest)",50,16.792
"MD","managed (harvest)",60,18.579
"MD","managed (harvest)",70,22.177
"MD","managed (harvest)",80,24.125
"MD","managed (harvest)",90,24.832
"MD","managed (harvest)",100,25.399
"ME","managed (harvest)",0,0
"ME","managed (harvest)",10,28.918
"ME","managed (harvest)",20,54.798
"ME","managed (harvest)",30,73.514
"ME","managed (harvest)",40,92.386
"ME","managed (harvest)",50,112.412
"ME","managed (harvest)",60,130.58
"ME","managed (harvest)",70,143.332
"ME","managed (harvest)",80,155.76
"ME","managed (harvest)",90,170.531
"ME","managed (harvest)",100,183.69
"MI","managed (harvest)",0,0
"MI","managed (harvest)",10,24.355
"MI","managed (harvest)",20,46.719
"MI","managed (harvest)",30,65.135
"MI","managed (harvest)",40,82.888
"MI","managed (harvest)",50,99.074
"MI","managed (harvest)",60,113.764
"MI","managed (harvest)",70,126.654
"MI","managed (harvest)",80,138.561
"MI","managed (harvest)",90,147.766
"MI","managed (harvest)",100,156.955
"MN","managed (harvest)",0,0
"MN","managed (harvest)",10,17.018
"MN","managed (harvest)",20,29.738
"MN","managed (harvest)",30,41.973
"MN","managed (harvest)",40,53.322
"MN","managed (harvest)",50,65.686
"MN","managed (harvest)",60,74.065
"MN","managed (harvest)",70,81.388
"MN","managed (harvest)",80,87.845
"MN","managed (harvest)",90,95.891
"MN","managed (harvest)",100,101.722
"MO","managed (harvest)",0,0
"MO","managed (harvest)",10,29.131
"MO","managed (harvest)",20,53.568
"MO","managed (harvest)",30,74.653
"MO","managed (harvest)",40,91.794
"MO","managed (harvest)",50,108.417
"MO","managed (harvest)",60,122.06
"MO","managed (harvest)",70,135.582
"MO","managed (harvest)",80,145.308
"MO","managed (harvest)",90,153.014
"MO","managed (harvest)",100,161.815
"MS","managed (harvest)",0,0
"MS","managed (harvest)",10,24.538
"MS","managed (harvest)",20,51.502
"MS","managed (harvest)",30,85.064
"MS","managed (harvest)",40,108.307
"MS","managed (harvest)",50,131.67
"MS","managed (harvest)",60,152.205
"MS","managed (harvest)",70,177.069
"MS","managed (harvest)",80,193.177
"MS","managed (harvest)",90,205.185
"MS","managed (harvest)",100,216.959
"MT","managed (harvest)",0,0
"MT","managed (harvest)",10,17.344
"MT","managed (harvest)",20,31.391
"MT","managed (harvest)",30,43.891
"MT","managed (harvest)",40,57.261
"MT","managed (harvest)",50,68.038
"MT","managed (harvest)",60,77.512
"MT","managed (harvest)",70,88.588
"MT","managed (harvest)",80,99.371
"MT","managed (harvest)",90,107.04
"MT","managed (harvest)",100,114.931
"NC","managed (harvest)",0,0
"NC","managed (harvest)",10,33.79
"NC","managed (harvest)",20,57.807
"NC","managed (harvest)",30,88.26
"NC","managed (harvest)",40,110.631
"NC","managed (harvest)",50,132.869
"NC","managed (harvest)",60,151.448
"NC","managed (harvest)",70,172.752
"NC","managed (harvest)",80,187.603
"NC","managed (harvest)",90,197.932
"NC","managed (harvest)",100,207.637
"ND","managed (harvest)",0,0
"ND","managed (harvest)",10,0.303
"ND","managed (harvest)",20,0.709
"ND","managed (harvest)",30,0.959
"ND","managed (harvest)",40,1.243
"ND","managed (harvest)",50,1.497
"ND","managed (harvest)",60,1.794
"ND","managed (harvest)",70,1.926
"ND","managed (harvest)",80,2.161
"ND","managed (harvest)",90,2.263
"ND","managed (harvest)",100,2.385
"NE","managed (harvest)",0,0
"NE","managed (harvest)",10,0.559
"NE","managed (harvest)",20,0.882
"NE","managed (harvest)",30,1.15
"NE","managed (harvest)",40,1.532
"NE","managed (harvest)",50,1.668
"NE","managed (harvest)",60,1.886
"NE","managed (harvest)",70,1.992
"NE","managed (harvest)",80,2.118
"NE","managed (harvest)",90,2.165
"NE","managed (harvest)",100,2.325
"NH","managed (harvest)",0,0
"NH","managed (harvest)",10,9.097
"NH","managed (harvest)",20,15.535
"NH","managed (harvest)",30,22.383
"NH","managed (harvest)",40,27.631
"NH","managed (harvest)",50,32.086
"NH","managed (harvest)",60,36.269
"NH","managed (harvest)",70,39.663
"NH","managed (harvest)",80,42.105
"NH","managed (harvest)",90,44.334
"NH","managed (harvest)",100,46.064
"NJ","managed (harvest)",0,0
"NJ","managed (harvest)",10,4.018
"NJ","managed (harvest)",20,5.7
"NJ","managed (harvest)",30,7.477
"NJ","managed (harvest)",40,9.007
"NJ","managed (harvest)",50,11.896
"NJ","managed (harvest)",60,13.004
"NJ","managed (harvest)",70,14.239
"NJ","managed (harvest)",80,14.618
"NJ","managed (harvest)",90,16.219
"NJ","managed (harvest)",100,17.766
"NM","managed (harvest)",0,0
"NM","managed (harvest)",10,8.297
"NM","managed (harvest)",20,14.648
"NM","managed (harvest)",30,19.047
"NM","managed (harvest)",40,23.435
"NM","managed (harvest)",50,27.199
"NM","managed (harvest)",60,31.287
"NM","managed (harvest)",70,34.941
"NM","managed (harvest)",80,38.031
"NM","managed (harvest)",90,40.902
"NM","managed (harvest)",100,44.168
"NV","managed (harvest)",0,0
"NV","managed (harvest)",10,1.169
"NV","managed (harvest)",20,2.303
"NV","managed (harvest)",30,3.103
"NV","managed (harvest)",40,4.283
"NV","managed (harvest)",50,5.218
"NV","managed (harvest)",60,6.006
"NV","managed (harvest)",70,6.917
"NV","managed (harvest)",80,7.905
"NV","managed (harvest)",90,8.526
"NV","managed (harvest)",100,9.358
"NY","managed (harvest)",0,0
"NY","managed (harvest)",10,36.48
"NY","managed (harvest)",20,66.238
"NY","managed (harvest)",30,87.007
"NY","managed (harvest)",40,108.951
"NY","managed (harvest)",50,126.293
"NY","managed (harvest)",60,145.474
"NY","managed (harvest)",70,161.234
"NY","managed (harvest)",80,174.899
"NY","managed (harvest)",90,186.941
"NY","managed (harvest)",100,200.303
"OH","managed (harvest)",0,0
"OH","managed (harvest)",10,15.426
"OH","managed (harvest)",20,26.198
"OH","managed (harvest)",30,40.884
"OH","managed (harvest)",40,49.819
"OH","managed (harvest)",50,62.194
"OH","managed (harvest)",60,71.028
"OH","managed (harvest)",70,81.017
"OH","managed (harvest)",80,85.98
"OH","managed (harvest)",90,93.457
"OH","managed (harvest)",100,97.542
"OK","managed (harvest)",0,0
"OK","managed (harvest)",10,8.128
"OK","managed (harvest)",20,19.08
"OK","managed (harvest)",30,27.875
"OK","managed (harvest)",40,33.71
"OK","managed (harvest)",50,38.65
"OK","managed (harvest)",60,44.915
"OK","managed (harvest)",70,50.472
"OK","managed (harvest)",80,53.416
"OK","managed (harvest)",90,55.491
"OK","managed (harvest)",100,59.544
"OR","managed (harvest)",0,0
"OR","managed (harvest)",10,37.243
"OR","managed (harvest)",20,79.942
"OR","managed (harvest)",30,113.389
"OR","managed (harvest)",40,143.928
"OR","managed (harvest)",50,181.091
"OR","managed (harvest)",60,210.812
"OR","managed (harvest)",70,233.652
"OR","managed (harvest)",80,265.703
"OR","managed (harvest)",90,292.596
"OR","managed (harvest)",100,312
"PA","managed (harvest)",0,0
"PA","managed (harvest)",10,40.2
"PA","managed (harvest)",20,66.308
"PA","managed (harvest)",30,94.482
"PA","managed (harvest)",40,113.928
"PA","managed (harvest)",50,133.128
"PA","managed (harvest)",60,150.357
"PA","managed (harvest)",70,165.957
"PA","managed (harvest)",80,176.195
"PA","managed (harvest)",90,186.054
"PA","managed (harvest)",100,196.168
"RI","managed (harvest)",0,0
"RI","managed (harvest)",10,0.899
"RI","managed (harvest)",20,1.901
"RI","managed (harvest)",30,2.356
"RI","managed (harvest)",40,3.075
"RI","managed (harvest)",50,3.248
"RI","managed (harvest)",60,3.503
"RI","managed (harvest)",70,3.504
"RI","managed (harvest)",80,3.504
"RI","managed (harvest)",90,3.504
"RI","managed (harvest)",100,3.504
"SC","managed (harvest)",0,0
"SC","managed (harvest)",10,14.105
"SC","managed (harvest)",20,29.238
"SC","managed (harvest)",30,44.137
"SC","managed (harvest)",40,55.445
"SC","managed (harvest)",50,63.983
"SC","managed (harvest)",60,73.9
"SC","managed (harvest)",70,83.342
"SC","managed (harvest)",80,90.093
"SC","managed (harvest)",90,95.62
"SC","managed (harvest)",100,102.153
"SD","managed (harvest)",0,0
"SD","managed (harvest)",10,1.021
"SD","managed (harvest)",20,1.672
"SD","managed (harvest)",30,2.465
"SD","managed (harvest)",40,2.843
"SD","managed (harvest)",50,3.634
"SD","managed (harvest)",60,4.159
"SD","managed (harvest)",70,4.581
"SD","managed (harvest)",80,4.988
"SD","managed (harvest)",90,5.625
"SD","managed (harvest)",100,5.913
"TN","managed (harvest)",0,0
"TN","managed (harvest)",10,25.823
"TN","managed (harvest)",20,51.901
"TN","managed (harvest)",30,72.816
"TN","managed (harvest)",40,93.04
"TN","managed (harvest)",50,109.696
"TN","managed (harvest)",60,129.065
"TN","managed (harvest)",70,142.765
"TN","managed (harvest)",80,152.846
"TN","managed (harvest)",90,161.061
"TN","managed (harvest)",100,169.88
"TX","managed (harvest)",0,0
"TX","managed (harvest)",10,18.512
"TX","managed (harvest)",20,43.416
"TX","managed (harvest)",30,64.886
"TX","managed (harvest)",40,83.361
"TX","managed (harvest)",50,98.101
"TX","managed (harvest)",60,114.242
"TX","managed (harvest)",70,129.327
"TX","managed (harvest)",80,139.947
"TX","managed (harvest)",90,147.822
"TX","managed (harvest)",100,156.862
"UT","managed (harvest)",0,0
"UT","managed (harvest)",10,3.822
"UT","managed (harvest)",20,6.654
"UT","managed (harvest)",30,9.334
"UT","managed (harvest)",40,12.057
"UT","managed (harvest)",50,14.184
"UT","managed (harvest)",60,16.314
"UT","managed (harvest)",70,18.573
"UT","managed (harvest)",80,20.524
"UT","managed (harvest)",90,22.077
"UT","managed (harvest)",100,23.794
"VA","managed (harvest)",0,0
"VA","managed (harvest)",10,32.395
"VA","managed (harvest)",20,53.889
"VA","managed (harvest)",30,74.891
"VA","managed (harvest)",40,91.553
"VA","managed (harvest)",50,105.506
"VA","managed (harvest)",60,122.731
"VA","managed (harvest)",70,136.272
"VA","managed (harvest)",80,146.489
"VA","managed (harvest)",90,154.819
"VA","managed (harvest)",100,165.599
"VT","managed (harvest)",0,0
"VT","managed (harvest)",10,15.498
"VT","managed (harvest)",20,23.468
"VT","managed (harvest)",30,33.753
"VT","managed (harvest)",40,40.74
"VT","managed (harvest)",50,49.251
"VT","managed (harvest)",60,54.097
"VT","managed (harvest)",70,59.854
"VT","managed (harvest)",80,62.885
"VT","managed (harvest)",90,66.891
"VT","managed (harvest)",100,68.858
"WA","managed (harvest)",0,0
"WA","managed (harvest)",10,28.445
"WA","managed (harvest)",20,58.083
"WA","managed (harvest)",30,88.634
"WA","managed (harvest)",40,111.971
"WA","managed (harvest)",50,137.617
"WA","managed (harvest)",60,162.33
"WA","managed (harvest)",70,178.012
"WA","managed (harvest)",80,195.17
"WA","managed (harvest)",90,215.057
"WA","managed (harvest)",100,231.852
"WI","managed (harvest)",0,0
"WI","managed (harvest)",10,28.581
"WI","managed (harvest)",20,49.05
"WI","managed (harvest)",30,68.206
"WI","managed (harvest)",40,86.134
"WI","managed (harvest)",50,100.665
"WI","managed (harvest)",60,112.427
"WI","managed (harvest)",70,121.483
"WI","managed (harvest)",80,129.958
"WI","managed (harvest)",90,137.093
"WI","managed (harvest)",100,141.753
"WV","managed (harvest)",0,0
"WV","managed (harvest)",10,27.048
"WV","managed (harvest)",20,41.409
"WV","managed (harvest)",30,56.1
"WV","managed (harvest)",40,66.455
"WV","managed (harvest)",50,79.036
"WV","managed (harvest)",60,88.5
"WV","managed (harvest)",70,96.356
"WV","managed (harvest)",80,101.78
"WV","managed (harvest)",90,109.399
"WV","managed (harvest)",100,113.787
"WY","managed (harvest)",0,0
"WY","managed (harvest)",10,5.008
"WY","managed (harvest)",20,8.906
"WY","managed (harvest)",30,13.335
"WY","managed (harvest)",40,17.443
"WY","managed (harvest)",50,20.94
"WY","managed (harvest)",60,24.528
"WY","managed (harvest)",70,28.425
"WY","managed (harvest)",80,31.426
"WY","managed (harvest)",90,34.462
"WY","managed (harvest)",100,37.679
"AL","managed (intensive)",0,0
"AL","managed (intensive)",10,66.184
"AL","managed (intensive)",20,117.357
"AL","managed (intensive)",30,160.339
"AL","managed (intensive)",40,194.953
"AL","managed (intensive)",50,231.865
"AL","managed (intensive)",60,261.253
"AL","managed (intensive)",70,284.968
"AL","managed (intensive)",80,301.999
"AL","managed (intensive)",90,316.862
"AL","managed (intensive)",100,333.05
"AR","managed (intensive)",0,0
"AR","managed (intensive)",10,54.26
"AR","managed (intensive)",20,95.418
"AR","managed (intensive)",30,127.092
"AR","managed (intensive)",40,149.641
"AR","managed (intensive)",50,177.16
"AR","managed (intensive)",60,197.47
"AR","managed (intensive)",70,210.44
"AR","managed (intensive)",80,222.222
"AR","managed (intensive)",90,234.738
"AR","managed (intensive)",100,247.937
"AZ","managed (intensive)",0,0
"AZ","managed (intensive)",10,6.385
"AZ","managed (intensive)",20,12.146
"AZ","managed (intensive)",30,17.306
"AZ","managed (intensive)",40,21.986
"AZ","managed (intensive)",50,26.423
"AZ","managed (intensive)",60,30.04
"AZ","managed (intensive)",70,33.462
"AZ","managed (intensive)",80,36.484
"AZ","managed (intensive)",90,39.16
"AZ","managed (intensive)",100,41.671
"CA","managed (intensive)",0,0
"CA","managed (intensive)",10,51.661
"CA","managed (intensive)",20,90.798
"CA","managed (intensive)",30,124.255
"CA","managed (intensive)",40,155.114
"CA","managed (intensive)",50,179.533
"CA","managed (intensive)",60,197.656
"CA","managed (intensive)",70,218.231
"CA","managed (intensive)",80,241.663
"CA","managed (intensive)",90,257.241
"CA","managed (intensive)",100,276.705
"CO","managed (intensive)",0,0
"CO","managed (intensive)",10,18.096
"CO","managed (intensive)",20,33.911
"CO","managed (intensive)",30,46.294
"CO","managed (intensive)",40,59.082
"CO","managed (intensive)",50,69.278
"CO","managed (intensive)",60,78.019
"CO","managed (intensive)",70,85.85
"CO","managed (intensive)",80,92.815
"CO","managed (intensive)",90,99.667
"CO","managed (intensive)",100,104.836
"CT","managed (intensive)",0,0
"CT","managed (intensive)",10,2.751
"CT","managed (intensive)",20,6.728
"CT","managed (intensive)",30,8.491
"CT","managed (intensive)",40,9.76
"CT","managed (intensive)",50,11.096
"CT","managed (intensive)",60,11.565
"CT","managed (intensive)",70,12.228
"CT","managed (intensive)",80,12.593
"CT","managed (intensive)",90,13.072
"CT","managed (intensive)",100,13.305
"DE","managed (intensive)",0,0
"DE","managed (intensive)",10,3.457
"DE","managed (intensive)",20,4.118
"DE","managed (intensive)",30,5.192
"DE","managed (intensive)",40,6.984
"DE","managed (intensive)",50,7.326
"DE","managed (intensive)",60,7.728
"DE","managed (intensive)",70,8.017
"DE","managed (intensive)",80,8.847
"DE","managed (intensive)",90,10.36
"DE","managed (intensive)",100,10.654
"FL","managed (intensive)",0,0
"FL","managed (intensive)",10,20.856
"FL","managed (intensive)",20,36.389
"FL","managed (intensive)",30,55.717
"FL","managed (intensive)",40,71.38
"FL","managed (intensive)",50,80.996
"FL","managed (intensive)",60,88.965
"FL","managed (intensive)",70,99.368
"FL","managed (intensive)",80,107.171
"FL","managed (intensive)",90,114.265
"FL","managed (intensive)",100,119.376
"GA","managed (intensive)",0,0
"GA","managed (intensive)",10,50.721
"GA","managed (intensive)",20,90.106
"GA","managed (intensive)",30,127.018
"GA","managed (intensive)",40,157.998
"GA","managed (intensive)",50,185.994
"GA","managed (intensive)",60,206.511
"GA","managed (intensive)",70,223.451
"GA","managed (intensive)",80,238.889
"GA","managed (intensive)",90,251.852
"GA","managed (intensive)",100,263.747
"IA","managed (intensive)",0,0
"IA","managed (intensive)",10,7.087
"IA","managed (intensive)",20,11.054
"IA","managed (intensive)",30,14.517
"IA","managed (intensive)",40,16.509
"IA","managed (intensive)",50,18.935
"IA","managed (intensive)",60,20.275
"IA","managed (intensive)",70,21.154
"IA","managed (intensive)",80,21.549
"IA","managed (intensive)",90,21.666
"IA","managed (intensive)",100,23.091
"ID","managed (intensive)",0,0
"ID","managed (intensive)",10,25.239
"ID","managed (intensive)",20,47.571
"ID","managed (intensive)",30,67.864
"ID","managed (intensive)",40,85.28
"ID","managed (intensive)",50,99.566
"ID","managed (intensive)",60,113.122
"ID","managed (intensive)",70,124.574
"ID","managed (intensive)",80,134.518
"ID","managed (intensive)",90,141.668
"ID","managed (intensive)",100,149.455
"IL","managed (intensive)",0,0
"IL","managed (intensive)",10,12.924
"IL","managed (intensive)",20,18.436
"IL","managed (intensive)",30,26.362
"IL","managed (intensive)",40,31.51
"IL","managed (intensive)",50,34.847
"IL","managed (intensive)",60,35.691
"IL","managed (intensive)",70,36.872
"IL","managed (intensive)",80,38.008
"IL","managed (intensive)",90,39.277
"IL","managed (intensive)",100,40.011
"IN","managed (intensive)",0,0
"IN","managed (intensive)",10,12.999
"IN","managed (intensive)",20,26.599
"IN","managed (intensive)",30,37.991
"IN","managed (intensive)",40,44.249
"IN","managed (intensive)",50,49.243
"IN","managed (intensive)",60,53.98
"IN","managed (intensive)",70,56.349
"IN","managed (intensive)",80,58.463
"IN","managed (intensive)",90,59.486
"IN","managed (intensive)",100,61.267
"KS","managed (intensive)",0,0
"KS","managed (intensive)",10,1.743
"KS","managed (intensive)",20,2.253
"KS","managed (intensive)",30,3.373
"KS","managed (intensive)",40,4.092
"KS","managed (intensive)",50,4.485
"KS","managed (intensive)",60,4.934
"KS","managed (intensive)",70,5.139
"KS","managed (intensive)",80,5.188
"KS","managed (intensive)",90,5.245
"KS","managed (intensive)",100,5.289
"KY","managed (intensive)",0,0
"KY","managed (intensive)",10,45.896
"KY","managed (intensive)",20,74.412
"KY","managed (intensive)",30,96.917
"KY","managed (intensive)",40,109.233
"KY","managed (intensive)",50,117.883
"KY","managed (intensive)",60,130.418
"KY","managed (intensive)",70,134.433
"KY","managed (intensive)",80,138.277
"KY","managed (intensive)",90,140.643
"KY","managed (intensive)",100,143.062
"LA","managed (intensive)",0,0
"LA","managed (intensive)",10,34.5
"LA","managed (intensive)",20,59.255
"LA","managed (intensive)",30,87.916
"LA","managed (intensive)",40,113.472
"LA","managed (intensive)",50,132.512
"LA","managed (intensive)",60,150.604
"LA","managed (intensive)",70,167.398
"LA","managed (intensive)",80,180.833
"LA","managed (intensive)",90,190.534
"LA","managed (intensive)",100,201.569
"MA","managed (intensive)",0,0
"MA","managed (intensive)",10,8.787
"MA","managed (intensive)",20,12.504
"MA","managed (intensive)",30,15.719
"MA","managed (intensive)",40,18.488
"MA","managed (intensive)",50,20.968
"MA","managed (intensive)",60,22.045
"MA","managed (intensive)",70,23.808
"MA","managed (intensive)",80,24.923
"MA","managed (intensive)",90,25.879
"MA","managed (intensive)",100,26.526
"MD","managed (intensive)",0,0
"MD","managed (intensive)",10,7.6
"MD","managed (intensive)",20,11.381
"MD","managed (intensive)",30,15.869
"MD","managed (intensive)",40,17.884
"MD","managed (intensive)",50,19.95
"MD","managed (intensive)",60,20.804
"MD","managed (intensive)",70,21.142
"MD","managed (intensive)",80,23.497
"MD","managed (intensive)",90,24.125
"MD","managed (intensive)",100,24.875
"ME","managed (intensive)",0,0
"ME","managed (intensive)",10,46.392
"ME","managed (intensive)",20,75.165
"ME","managed (intensive)",30,99.707
"ME","managed (intensive)",40,121.67
"ME","managed (intensive)",50,140.475
"ME","managed (intensive)",60,152.697
"ME","managed (intensive)",70,164.974
"ME","managed (intensive)",80,177.062
"ME","managed (intensive)",90,186.082
"ME","managed (intensive)",100,196.751
"MI","managed (intensive)",0,0
"MI","managed (intensive)",10,44.586
"MI","managed (intensive)",20,75.317
"MI","managed (intensive)",30,103.866
"MI","managed (intensive)",40,124.339
"MI","managed (intensive)",50,140.889
"MI","managed (intensive)",60,153.829
"MI","managed (intensive)",70,166.664
"MI","managed (intensive)",80,177.113
"MI","managed (intensive)",90,185.521
"MI","managed (intensive)",100,193.901
"MN","managed (intensive)",0,0
"MN","managed (intensive)",10,25.07
"MN","managed (intensive)",20,42.799
"MN","managed (intensive)",30,59.791
"MN","managed (intensive)",40,72.235
"MN","managed (intensive)",50,85.159
"MN","managed (intensive)",60,93.283
"MN","managed (intensive)",70,101.319
"MN","managed (intensive)",80,108.598
"MN","managed (intensive)",90,115.512
"MN","managed (intensive)",100,122.176
"MO","managed (intensive)",0,0
"MO","managed (intensive)",10,50.275
"MO","managed (intensive)",20,80.017
"MO","managed (intensive)",30,109.01
"MO","managed (intensive)",40,130.021
"MO","managed (intensive)",50,146.929
"MO","managed (intensive)",60,159.777
"MO","managed (intensive)",70,170.227
"MO","managed (intensive)",80,179.854
"MO","managed (intensive)",90,184.581
"MO","managed (intensive)",100,189.668
"MS","managed (intensive)",0,0
"MS","managed (intensive)",10,52.186
"MS","managed (intensive)",20,89.345
"MS","managed (intensive)",30,121.349
"MS","managed (intensive)",40,161.988
"MS","managed (intensive)",50,191.184
"MS","managed (intensive)",60,216.471
"MS","managed (intensive)",70,237.202
"MS","managed (intensive)",80,251.911
"MS","managed (intensive)",90,265.942
"MS","managed (intensive)",100,275.889
"MT","managed (intensive)",0,0
"MT","managed (intensive)",10,21.836
"MT","managed (intensive)",20,45.285
"MT","managed (intensive)",30,62.569
"MT","managed (intensive)",40,81.326
"MT","managed (intensive)",50,95.246
"MT","managed (intensive)",60,109.757
"MT","managed (intensive)",70,120.529
"MT","managed (intensive)",80,133.097
"MT","managed (intensive)",90,141.686
"MT","managed (intensive)",100,151.5
"NC","managed (intensive)",0,0
"NC","managed (intensive)",10,49.04
"NC","managed (intensive)",20,86.432
"NC","managed (intensive)",30,117.036
"NC","managed (intensive)",40,151.122
"NC","managed (intensive)",50,170.667
"NC","managed (intensive)",60,187.052
"NC","managed (intensive)",70,207.357
"NC","managed (intensive)",80,220.755
"NC","managed (intensive)",90,231.328
"NC","managed (intensive)",100,239.643
"ND","managed (intensive)",0,0
"ND","managed (intensive)",10,0.66
"ND","managed (intensive)",20,1.078
"ND","managed (intensive)",30,1.78
"ND","managed (intensive)",40,2.109
"ND","managed (intensive)",50,2.601
"ND","managed (intensive)",60,2.744
"ND","managed (intensive)",70,3.067
"ND","managed (intensive)",80,3.202
"ND","managed (intensive)",90,3.394
"ND","managed (intensive)",100,3.477
"NE","managed (intensive)",0,0
"NE","managed (intensive)",10,1.321
"NE","managed (intensive)",20,1.857
"NE","managed (intensive)",30,2.766
"NE","managed (intensive)",40,2.966
"NE","managed (intensive)",50,3.162
"NE","managed (intensive)",60,3.6
"NE","managed (intensive)",70,3.772
"NE","managed (intensive)",80,3.889
"NE","managed (intensive)",90,4.034
"NE","managed (intensive)",100,4.246
"NH","managed (intensive)",0,0
"NH","managed (intensive)",10,12.943
"NH","managed (intensive)",20,22.077
"NH","managed (intensive)",30,32.319
"NH","managed (intensive)",40,39.993
"NH","managed (intensive)",50,44.592
"NH","managed (intensive)",60,48.464
"NH","managed (intensive)",70,51.936
"NH","managed (intensive)",80,54.726
"NH","managed (intensive)",90,56.231
"NH","managed (intensive)",100,57.42
"NJ","managed (intensive)",0,0
"NJ","managed (intensive)",10,5.149
"NJ","managed (intensive)",20,8.294
"NJ","managed (intensive)",30,11.392
"NJ","managed (intensive)",40,12.877
"NJ","managed (intensive)",50,14.777
"NJ","managed (intensive)",60,16.393
"NJ","managed (intensive)",70,17.999
"NJ","managed (intensive)",80,18.323
"NJ","managed (intensive)",90,19.521
"NJ","managed (intensive)",100,19.841
"NM","managed (intensive)",0,0
"NM","managed (intensive)",10,9.751
"NM","managed (intensive)",20,18.584
"NM","managed (intensive)",30,25.422
"NM","managed (intensive)",40,31.618
"NM","managed (intensive)",50,35.883
"NM","managed (intensive)",60,41.231
"NM","managed (intensive)",70,45.129
"NM","managed (intensive)",80,48.535
"NM","managed (intensive)",90,51.672
"NM","managed (intensive)",100,55
"NV","managed (intensive)",0,0
"NV","managed (intensive)",10,1.999
"NV","managed (intensive)",20,3.696
"NV","managed (intensive)",30,5.192
"NV","managed (intensive)",40,6.691
"NV","managed (intensive)",50,8.169
"NV","managed (intensive)",60,9.461
"NV","managed (intensive)",70,10.725
"NV","managed (intensive)",80,11.994
"NV","managed (intensive)",90,12.99
"NV","managed (intensive)",100,13.92
"NY","managed (intensive)",0,0
"NY","managed (intensive)",10,54.032
"NY","managed (intensive)",20,92.048
"NY","managed (intensive)",30,123.562
"NY","managed (intensive)",40,152.291
"NY","managed (intensive)",50,169.215
"NY","managed (intensive)",60,187.856
"NY","managed (intensive)",70,204.928
"NY","managed (intensive)",80,217.519
"NY","managed (intensive)",90,227.509
"NY","managed (intensive)",100,235.474
"OH","managed (intensive)",0,0
"OH","managed (intensive)",10,18.805
"OH","managed (intensive)",20,32.875
"OH","managed (intensive)",30,54.644
"OH","managed (intensive)",40,68.297
"OH","managed (intensive)",50,74.671
"OH","managed (intensive)",60,84.489
"OH","managed (intensive)",70,92.661
"OH","managed (intensive)",80,97.731
"OH","managed (intensive)",90,100.249
"OH","managed (intensive)",100,104.075
"OK","managed (intensive)",0,0
"OK","managed (intensive)",10,20.233
"OK","managed (intensive)",20,31.352
"OK","managed (intensive)",30,41.648
"OK","managed (intensive)",40,49.644
"OK","managed (intensive)",50,54.165
"OK","managed (intensive)",60,57.604
"OK","managed (intensive)",70,63.015
"OK","managed (intensive)",80,65.641
"OK","managed (intensive)",90,67.342
"OK","managed (intensive)",100,70.271
"OR","managed (intensive)",0,0
"OR","managed (intensive)",10,77.578
"OR","managed (intensive)",20,119.391
"OR","managed (intensive)",30,179.27
"OR","managed (intensive)",40,212.687
"OR","managed (intensive)",50,267.151
"OR","managed (intensive)",60,296.904
"OR","managed (intensive)",70,334.833
"OR","managed (intensive)",80,361.029
"OR","managed (intensive)",90,385.525
"OR","managed (intensive)",100,405.322
"PA","managed (intensive)",0,0
"PA","managed (intensive)",10,58.573
"PA","managed (intensive)",20,98.769
"PA","managed (intensive)",30,132.072
"PA","managed (intensive)",40,167.395
"PA","managed (intensive)",50,184.23
"PA","managed (intensive)",60,199.39
"PA","managed (intensive)",70,211.569
"PA","managed (intensive)",80,224.327
"PA","managed (intensive)",90,232.218
"PA","managed (intensive)",100,239.165
"RI","managed (intensive)",0,0
"RI","managed (intensive)",10,2.081
"RI","managed (intensive)",20,2.898
"RI","managed (intensive)",30,4.184
"RI","managed (intensive)",40,4.978
"RI","managed (intensive)",50,5.231
"RI","managed (intensive)",60,5.231
"RI","managed (intensive)",70,5.232
"RI","managed (intensive)",80,5.281
"RI","managed (intensive)",90,5.281
"RI","managed (intensive)",100,5.281
"SC","managed (intensive)",0,0
"SC","managed (intensive)",10,29.709
"SC","managed (intensive)",20,55.134
"SC","managed (intensive)",30,74.286
"SC","managed (intensive)",40,87.061
"SC","managed (intensive)",50,99.516
"SC","managed (intensive)",60,113.62
"SC","managed (intensive)",70,122.396
"SC","managed (intensive)",80,132.185
"SC","managed (intensive)",90,137.784
"SC","managed (intensive)",100,147.827
"SD","managed (intensive)",0,0
"SD","managed (intensive)",10,1.415
"SD","managed (intensive)",20,2.223
"SD","managed (intensive)",30,2.803
"SD","managed (intensive)",40,3.667
"SD","managed (intensive)",50,4.161
"SD","managed (intensive)",60,4.815
"SD","managed (intensive)",70,5.209
"SD","managed (intensive)",80,5.715
"SD","managed (intensive)",90,5.941
"SD","managed (intensive)",100,6.26
"TN","managed (intensive)",0,0
"TN","managed (intensive)",10,41.872
"TN","managed (intensive)",20,71.546
"TN","managed (intensive)",30,96.41
"TN","managed (intensive)",40,117.468
"TN","managed (intensive)",50,132.796
"TN","managed (intensive)",60,148.03
"TN","managed (intensive)",70,165.175
"TN","managed (intensive)",80,171.725
"TN","managed (intensive)",90,177.77
"TN","managed (intensive)",100,182.061
"TX","managed (intensive)",0,0
"TX","managed (intensive)",10,41.514
"TX","managed (intensive)",20,74.186
"TX","managed (intensive)",30,99.783
"TX","managed (intensive)",40,122.76
"TX","managed (intensive)",50,141.651
"TX","managed (intensive)",60,158.751
"TX","managed (intensive)",70,170.812
"TX","managed (intensive)",80,182.375
"TX","managed (intensive)",90,190.513
"TX","managed (intensive)",100,200.05
"UT","managed (intensive)",0,0
"UT","managed (intensive)",10,5.911
"UT","managed (intensive)",20,11.323
"UT","managed (intensive)",30,15.841
"UT","managed (intensive)",40,19.91
"UT","managed (intensive)",50,22.844
"UT","managed (intensive)",60,25.859
"UT","managed (intensive)",70,28.625
"UT","managed (intensive)",80,31.391
"UT","managed (intensive)",90,33.716
"UT","managed (intensive)",100,35.731
"VA","managed (intensive)",0,0
"VA","managed (intensive)",10,52.997
"VA","managed (intensive)",20,91.83
"VA","managed (intensive)",30,115.784
"VA","managed (intensive)",40,137.233
"VA","managed (intensive)",50,157.804
"VA","managed (intensive)",60,173.21
"VA","managed (intensive)",70,188.522
"VA","managed (intensive)",80,200.903
"VA","managed (intensive)",90,211.693
"VA","managed (intensive)",100,219.591
"VT","managed (intensive)",0,0
"VT","managed (intensive)",10,21.07
"VT","managed (intensive)",20,34.929
"VT","managed (intensive)",30,45.995
"VT","managed (intensive)",40,55.161
"VT","managed (intensive)",50,62.127
"VT","managed (intensive)",60,67.048
"VT","managed (intensive)",70,70.98
"VT","managed (intensive)",80,72.754
"VT","managed (intensive)",90,74.429
"VT","managed (intensive)",100,76.016
"WA","managed (intensive)",0,0
"WA","managed (intensive)",10,51.383
"WA","managed (intensive)",20,97.053
"WA","managed (intensive)",30,140.144
"WA","managed (intensive)",40,169.494
"WA","managed (intensive)",50,197.631
"WA","managed (intensive)",60,219.373
"WA","managed (intensive)",70,245.053
"WA","managed (intensive)",80,261.037
"WA","managed (intensive)",90,286.977
"WA","managed (intensive)",100,303.356
"WI","managed (intensive)",0,0
"WI","managed (intensive)",10,43.408
"WI","managed (intensive)",20,74.685
"WI","managed (intensive)",30,100.35
"WI","managed (intensive)",40,121.635
"WI","managed (intensive)",50,136.407
"WI","managed (intensive)",60,146.537
"WI","managed (intensive)",70,155.769
"WI","managed (intensive)",80,164.086
"WI","managed (intensive)",90,169.246
"WI","managed (intensive)",100,175.405
"WV","managed (intensive)",0,0
"WV","managed (intensive)",10,34.052
"WV","managed (intensive)",20,56.476
"WV","managed (intensive)",30,74.821
"WV","managed (intensive)",40,88.461
"WV","managed (intensive)",50,99.531
"WV","managed (intensive)",60,109.074
"WV","managed (intensive)",70,116.335
"WV","managed (intensive)",80,121.785
"WV","managed (intensive)",90,125.557
"WV","managed (intensive)",100,129.172
"WY","managed (intensive)",0,0
"WY","managed (intensive)",10,8.874
"WY","managed (intensive)",20,15.417
"WY","managed (intensive)",30,22.033
"WY","managed (intensive)",40,27.473
"WY","managed (intensive)",50,32.605
"WY","managed (intensive)",60,37.013
"WY","managed (intensive)",70,41.451
"WY","managed (intensive)",80,45.328
"WY","managed (intensive)",90,48.739
"WY","managed (intensive)",100,52.257
"AL","managed (conservation)",0,0
"AL","managed (conservation)",10,13.161
"AL","managed (conservation)",20,26.525
"AL","managed (conservation)",30,38.528
"AL","managed (conservation)",40,57.808
"AL","managed (conservation)",50,81.905
"AL","managed (conservation)",60,106.102
"AL","managed (conservation)",70,114.921
"AL","managed (conservation)",80,130.141
"AL","managed (conservation)",90,147.066
"AL","managed (conservation)",100,157.856
"AR","managed (conservation)",0,0
"AR","managed (conservation)",10,11.555
"AR","managed (conservation)",20,22.284
"AR","managed (conservation)",30,34.098
"AR","managed (conservation)",40,42.056
"AR","managed (conservation)",50,59.035
"AR","managed (conservation)",60,77.374
"AR","managed (conservation)",70,88.164
"AR","managed (conservation)",80,97.325
"AR","managed (conservation)",90,105.741
"AR","managed (conservation)",100,110.055
"AZ","managed (conservation)",0,0
"AZ","managed (conservation)",10,1.138
"AZ","managed (conservation)",20,2.107
"AZ","managed (conservation)",30,2.894
"AZ","managed (conservation)",40,4.036
"AZ","managed (conservation)",50,4.972
"AZ","managed (conservation)",60,6.027
"AZ","managed (conservation)",70,7.277
"AZ","managed (conservation)",80,8.187
"AZ","managed (conservation)",90,9.078
"AZ","managed (conservation)",100,10.212
"CA","managed (conservation)",0,0
"CA","managed (conservation)",10,10.323
"CA","managed (conservation)",20,21.423
"CA","managed (conservation)",30,38.606
"CA","managed (conservation)",40,49.7
"CA","managed (conservation)",50,61.696
"CA","managed (conservation)",60,78.927
"CA","managed (conservation)",70,86.489
"CA","managed (conservation)",80,98.64
"CA","managed (conservation)",90,105.464
"CA","managed (conservation)",100,120.175
"CO","managed (conservation)",0,0
"CO","managed (conservation)",10,3.57
"CO","managed (conservation)",20,6.87
"CO","managed (conservation)",30,9.551
"CO","managed (conservation)",40,13.648
"CO","managed (conservation)",50,17.173
"CO","managed (conservation)",60,20.7
"CO","managed (conservation)",70,24.403
"CO","managed (conservation)",80,27.172
"CO","managed (conservation)",90,29.869
"CO","managed (conservation)",100,32.71
"CT","managed (conservation)",0,0
"CT","managed (conservation)",10,0.942
"CT","managed (conservation)",20,1.218
"CT","managed (conservation)",30,1.877
"CT","managed (conservation)",40,2.244
"CT","managed (conservation)",50,2.747
"CT","managed (conservation)",60,3.685
"CT","managed (conservation)",70,3.876
"CT","managed (conservation)",80,4.167
"CT","managed (conservation)",90,4.793
"CT","managed (conservation)",100,5.037
"DE","managed (conservation)",0,0
"DE","managed (conservation)",10,0.097
"DE","managed (conservation)",20,1.024
"DE","managed (conservation)",30,1.407
"DE","managed (conservation)",40,1.668
"DE","managed (conservation)",50,2.879
"DE","managed (conservation)",60,3.296
"DE","managed (conservation)",70,5.598
"DE","managed (conservation)",80,5.628
"DE","managed (conservation)",90,5.969
"DE","managed (conservation)",100,6.439
"FL","managed (conservation)",0,0
"FL","managed (conservation)",10,2.949
"FL","managed (conservation)",20,7.423
"FL","managed (conservation)",30,15.083
"FL","managed (conservation)",40,20.456
"FL","managed (conservation)",50,25.954
"FL","managed (conservation)",60,35.262
"FL","managed (conservation)",70,40.643
"FL","managed (conservation)",80,42.616
"FL","managed (conservation)",90,45.477
"FL","managed (conservation)",100,49.872
"GA","managed (conservation)",0,0
"GA","managed (conservation)",10,10.207
"GA","managed (conservation)",20,21.249
"GA","managed (conservation)",30,31.774
"GA","managed (conservation)",40,47.718
"GA","managed (conservation)",50,66.277
"GA","managed (conservation)",60,86.663
"GA","managed (conservation)",70,94.103
"GA","managed (conservation)",80,102.253
"GA","managed (conservation)",90,108.553
"GA","managed (conservation)",100,113.768
"IA","managed (conservation)",0,0
"IA","managed (conservation)",10,1.792
"IA","managed (conservation)",20,3.013
"IA","managed (conservation)",30,4.137
"IA","managed (conservation)",40,4.939
"IA","managed (conservation)",50,5.642
"IA","managed (conservation)",60,6.378
"IA","managed (conservation)",70,7.824
"IA","managed (conservation)",80,10.475
"IA","managed (conservation)",90,10.799
"IA","managed (conservation)",100,11.094
"ID","managed (conservation)",0,0
"ID","managed (conservation)",10,3.496
"ID","managed (conservation)",20,9.24
"ID","managed (conservation)",30,13.269
"ID","managed (conservation)",40,17.701
"ID","managed (conservation)",50,25.874
"ID","managed (conservation)",60,30.565
"ID","managed (conservation)",70,35.723
"ID","managed (conservation)",80,39.479
"ID","managed (conservation)",90,43.573
"ID","managed (conservation)",100,46.304
"IL","managed (conservation)",0,0
"IL","managed (conservation)",10,2.633
"IL","managed (conservation)",20,5.286
"IL","managed (conservation)",30,6.256
"IL","managed (conservation)",40,8.238
"IL","managed (conservation)",50,9.374
"IL","managed (conservation)",60,11.758
"IL","managed (conservation)",70,13.921
"IL","managed (conservation)",80,15.447
"IL","managed (conservation)",90,16.193
"IL","managed (conservation)",100,17.241
"IN","managed (conservation)",0,0
"IN","managed (conservation)",10,2.651
"IN","managed (conservation)",20,6.952
"IN","managed (conservation)",30,10.783
"IN","managed (conservation)",40,11.964
"IN","managed (conservation)",50,14.104
"IN","managed (conservation)",60,17.544
"IN","managed (conservation)",70,19.652
"IN","managed (conservation)",80,21.308
"IN","managed (conservation)",90,25.111
"IN","managed (conservation)",100,26.898
"KS","managed (conservation)",0,0
"KS","managed (conservation)",10,0.773
"KS","managed (conservation)",20,0.915
"KS","managed (conservation)",30,1.203
"KS","managed (conservation)",40,1.41
"KS","managed (conservation)",50,1.521
"KS","managed (conservation)",60,1.72
"KS","managed (conservation)",70,1.774
"KS","managed (conservation)",80,1.885
"KS","managed (conservation)",90,2.422
"KS","managed (conservation)",100,2.464
"KY","managed (conservation)",0,0
"KY","managed (conservation)",10,6.589
"KY","managed (conservation)",20,15.888
"KY","managed (conservation)",30,23.368
"KY","managed (conservation)",40,29.773
"KY","managed (conservation)",50,37.247
"KY","managed (conservation)",60,46.767
"KY","managed (conservation)",70,50.737
"KY","managed (conservation)",80,55.132
"KY","managed (conservation)",90,67.111
"KY","managed (conservation)",100,69.395
"LA","managed (conservation)",0,0
"LA","managed (conservation)",10,5.935
"LA","managed (conservation)",20,20.828
"LA","managed (conservation)",30,27.243
"LA","managed (conservation)",40,35.111
"LA","managed (conservation)",50,46.295
"LA","managed (conservation)",60,58.049
"LA","managed (conservation)",70,67.837
"LA","managed (conservation)",80,78.761
"LA","managed (conservation)",90,89.053
"LA","managed (conservation)",100,94.794
"MA","managed (conservation)",0,0
"MA","managed (conservation)",10,1.172
"MA","managed (conservation)",20,1.958
"MA","managed (conservation)",30,3.221
"MA","managed (conservation)",40,4.998
"MA","managed (conservation)",50,5.791
"MA","managed (conservation)",60,6.729
"MA","managed (conservation)",70,8.777
"MA","managed (conservation)",80,9.521
"MA","managed (conservation)",90,10.865
"MA","managed (conservation)",100,11.068
"MD","managed (conservation)",0,0
"MD","managed (conservation)",10,0.796
"MD","managed (conservation)",20,5.815
"MD","managed (conservation)",30,6.712
"MD","managed (conservation)",40,7.217
"MD","managed (conservation)",50,8.344
"MD","managed (conservation)",60,9.182
"MD","managed (conservation)",70,10.162
"MD","managed (conservation)",80,10.573
"MD","managed (conservation)",90,11.44
"MD","managed (conservation)",100,11.593
"ME","managed (conservation)",0,0
"ME","managed (conservation)",10,7.299
"ME","managed (conservation)",20,15.516
"ME","managed (conservation)",30,27.584
"ME","managed (conservation)",40,39.196
"ME","managed (conservation)",50,47.214
"ME","managed (conservation)",60,55.464
"ME","managed (conservation)",70,63.268
"ME","managed (conservation)",80,69.113
"ME","managed (conservation)",90,78.513
"ME","managed (conservation)",100,87.822
"MI","managed (conservation)",0,0
"MI","managed (conservation)",10,9.542
"MI","managed (conservation)",20,18.433
"MI","managed (conservation)",30,25.928
"MI","managed (conservation)",40,32.424
"MI","managed (conservation)",50,41.163
"MI","managed (conservation)",60,48.945
"MI","managed (conservation)",70,57.22
"MI","managed (conservation)",80,65.588
"MI","managed (conservation)",90,71.132
"MI","managed (conservation)",100,76.174
"MN","managed (conservation)",0,0
"MN","managed (conservation)",10,4.125
"MN","managed (conservation)",20,8.316
"MN","managed (conservation)",30,13.468
"MN","managed (conservation)",40,22.63
"MN","managed (conservation)",50,29.289
"MN","managed (conservation)",60,36.184
"MN","managed (conservation)",70,41.686
"MN","managed (conservation)",80,45.548
"MN","managed (conservation)",90,48.324
"MN","managed (conservation)",100,51.205
"MO","managed (conservation)",0,0
"MO","managed (conservation)",10,7.663
"MO","managed (conservation)",20,18.698
"MO","managed (conservation)",30,27.498
"MO","managed (conservation)",40,34.9
"MO","managed (conservation)",50,43.159
"MO","managed (conservation)",60,53.611
"MO","managed (conservation)",70,60.99
"MO","managed (conservation)",80,69.294
"MO","managed (conservation)",90,77.422
"MO","managed (conservation)",100,83.228
"MS","managed (conservation)",0,0
"MS","managed (conservation)",10,8.258
"MS","managed (conservation)",20,21.144
"MS","managed (conservation)",30,29.776
"MS","managed (conservation)",40,43.086
"MS","managed (conservation)",50,58.926
"MS","managed (conservation)",60,70.619
"MS","managed (conservation)",70,84.159
"MS","managed (conservation)",80,96.36
"MS","managed (conservation)",90,109.584
"MS","managed (conservation)",100,117.907
"MT","managed (conservation)",0,0
"MT","managed (conservation)",10,5.777
"MT","managed (conservation)",20,10.541
"MT","managed (conservation)",30,16.883
"MT","managed (conservation)",40,21.034
"MT","managed (conservation)",50,25.679
"MT","managed (conservation)",60,31.114
"MT","managed (conservation)",70,35.358
"MT","managed (conservation)",80,39.69
"MT","managed (conservation)",90,44.92
"MT","managed (conservation)",100,48.645
"NC","managed (conservation)",0,0
"NC","managed (conservation)",10,7.575
"NC","managed (conservation)",20,14.738
"NC","managed (conservation)",30,23.173
"NC","managed (conservation)",40,31.396
"NC","managed (conservation)",50,43.784
"NC","managed (conservation)",60,66.755
"NC","managed (conservation)",70,76.28
"NC","managed (conservation)",80,84.392
"NC","managed (conservation)",90,95.098
"NC","managed (conservation)",100,99.831
"ND","managed (conservation)",0,0
"ND","managed (conservation)",10,0.17
"ND","managed (conservation)",20,0.345
"ND","managed (conservation)",30,0.349
"ND","managed (conservation)",40,0.464
"ND","managed (conservation)",50,0.516
"ND","managed (conservation)",60,0.641
"ND","managed (conservation)",70,1.008
"ND","managed (conservation)",80,1.049
"ND","managed (conservation)",90,1.109
"ND","managed (conservation)",100,1.256
"NE","managed (conservation)",0,0
"NE","managed (conservation)",10,0.26
"NE","managed (conservation)",20,0.347
"NE","managed (conservation)",30,0.571
"NE","managed (conservation)",40,0.824
"NE","managed (conservation)",50,0.929
"NE","managed (conservation)",60,1.11
"NE","managed (conservation)",70,1.195
"NE","managed (conservation)",80,1.246
"NE","managed (conservation)",90,1.338
"NE","managed (conservation)",100,1.399
"NH","managed (conservation)",0,0
"NH","managed (conservation)",10,2.339
"NH","managed (conservation)",20,5.663
"NH","managed (conservation)",30,8.046
"NH","managed (conservation)",40,10.306
"NH","managed (conservation)",50,13.6
"NH","managed (conservation)",60,17.188
"NH","managed (conservation)",70,19.773
"NH","managed (conservation)",80,21.573
"NH","managed (conservation)",90,23.65
"NH","managed (conservation)",100,24.939
"NJ","managed (conservation)",0,0
"NJ","managed (conservation)",10,0.727
"NJ","managed (conservation)",20,1.559
"NJ","managed (conservation)",30,2.749
"NJ","managed (conservation)",40,3.785
"NJ","managed (conservation)",50,4.052
"NJ","managed (conservation)",60,4.429
"NJ","managed (conservation)",70,5.137
"NJ","managed (conservation)",80,5.588
"NJ","managed (conservation)",90,5.772
"NJ","managed (conservation)",100,6.338
"NM","managed (conservation)",0,0
"NM","managed (conservation)",10,4.69
"NM","managed (conservation)",20,6.331
"NM","managed (conservation)",30,8.073
"NM","managed (conservation)",40,9.468
"NM","managed (conservation)",50,11.55
"NM","managed (conservation)",60,13.512
"NM","managed (conservation)",70,14.97
"NM","managed (conservation)",80,16.658
"NM","managed (conservation)",90,18.177
"NM","managed (conservation)",100,19.617
"NV","managed (conservation)",0,0
"NV","managed (conservation)",10,0.352
"NV","managed (conservation)",20,0.77
"NV","managed (conservation)",30,1.024
"NV","managed (conservation)",40,1.376
"NV","managed (conservation)",50,1.762
"NV","managed (conservation)",60,2.212
"NV","managed (conservation)",70,2.681
"NV","managed (conservation)",80,2.883
"NV","managed (conservation)",90,3.229
"NV","managed (conservation)",100,3.584
"NY","managed (conservation)",0,0
"NY","managed (conservation)",10,9.689
"NY","managed (conservation)",20,23.714
"NY","managed (conservation)",30,32.955
"NY","managed (conservation)",40,42.712
"NY","managed (conservation)",50,54.965
"NY","managed (conservation)",60,66.136
"NY","managed (conservation)",70,80.524
"NY","managed (conservation)",80,87.627
"NY","managed (conservation)",90,96.381
"NY","managed (conservation)",100,103.373
"OH","managed (conservation)",0,0
"OH","managed (conservation)",10,6.732
"OH","managed (conservation)",20,12.874
"OH","managed (conservation)",30,17.266
"OH","managed (conservation)",40,22.16
"OH","managed (conservation)",50,25.301
"OH","managed (conservation)",60,32.946
"OH","managed (conservation)",70,37.817
"OH","managed (conservation)",80,40.571
"OH","managed (conservation)",90,45.414
"OH","managed (conservation)",100,48.849
"OK","managed (conservation)",0,0
"OK","managed (conservation)",10,4.489
"OK","managed (conservation)",20,9.117
"OK","managed (conservation)",30,11.838
"OK","managed (conservation)",40,14.492
"OK","managed (conservation)",50,17.106
"OK","managed (conservation)",60,22.112
"OK","managed (conservation)",70,26.139
"OK","managed (conservation)",80,28.319
"OK","managed (conservation)",90,30.776
"OK","managed (conservation)",100,34.207
"OR","managed (conservation)",0,0
"OR","managed (conservation)",10,10.995
"OR","managed (conservation)",20,31.691
"OR","managed (conservation)",30,42.949
"OR","managed (conservation)",40,57.985
"OR","managed (conservation)",50,70.655
"OR","managed (conservation)",60,80.687
"OR","managed (conservation)",70,88.519
"OR","managed (conservation)",80,105.012
"OR","managed (conservation)",90,120.074
"OR","managed (conservation)",100,131.342
"PA","managed (conservation)",0,0
"PA","managed (conservation)",10,8.976
"PA","managed (conservation)",20,19.421
"PA","managed (conservation)",30,29.49
"PA","managed (conservation)",40,37.641
"PA","managed (conservation)",50,51.181
"PA","managed (conservation)",60,62.295
"PA","managed (conservation)",70,77.401
"PA","managed (conservation)",80,86.257
"PA","managed (conservation)",90,93.757
"PA","managed (conservation)",100,102.497
"RI","managed (conservation)",0,0
"RI","managed (conservation)",10,0.501
"RI","managed (conservation)",20,0.551
"RI","managed (conservation)",30,1.493
"RI","managed (conservation)",40,2.084
"RI","managed (conservation)",50,2.182
"RI","managed (conservation)",60,2.785
"RI","managed (conservation)",70,3.005
"RI","managed (conservation)",80,3.029
"RI","managed (conservation)",90,3.106
"RI","managed (conservation)",100,3.15
"SC","managed (conservation)",0,0
"SC","managed (conservation)",10,10.856
"SC","managed (conservation)",20,17.788
"SC","managed (conservation)",30,21.831
"SC","managed (conservation)",40,29.275
"SC","managed (conservation)",50,38.524
"SC","managed (conservation)",60,47.368
"SC","managed (conservation)",70,52.057
"SC","managed (conservation)",80,57.297
"SC","managed (conservation)",90,63.447
"SC","managed (conservation)",100,66.354
"SD","managed (conservation)",0,0
"SD","managed (conservation)",10,0.232
"SD","managed (conservation)",20,0.49
"SD","managed (conservation)",30,0.658
"SD","managed (conservation)",40,0.964
"SD","managed (conservation)",50,1.095
"SD","managed (conservation)",60,1.195
"SD","managed (conservation)",70,1.422
"SD","managed (conservation)",80,1.568
"SD","managed (conservation)",90,1.781
"SD","managed (conservation)",100,1.94
"TN","managed (conservation)",0,0
"TN","managed (conservation)",10,7.116
"TN","managed (conservation)",20,15.588
"TN","managed (conservation)",30,24.674
"TN","managed (conservation)",40,29.25
"TN","managed (conservation)",50,38.484
"TN","managed (conservation)",60,49.082
"TN","managed (conservation)",70,56.621
"TN","managed (conservation)",80,60.91
"TN","managed (conservation)",90,66.908
"TN","managed (conservation)",100,74.499
"TX","managed (conservation)",0,0
"TX","managed (conservation)",10,6.919
"TX","managed (conservation)",20,13.242
"TX","managed (conservation)",30,20.174
"TX","managed (conservation)",40,30.922
"TX","managed (conservation)",50,41.452
"TX","managed (conservation)",60,60.191
"TX","managed (conservation)",70,69.13
"TX","managed (conservation)",80,76.209
"TX","managed (conservation)",90,88.878
"TX","managed (conservation)",100,94.445
"UT","managed (conservation)",0,0
"UT","managed (conservation)",10,1.446
"UT","managed (conservation)",20,2.23
"UT","managed (conservation)",30,3.323
"UT","managed (conservation)",40,4.452
"UT","managed (conservation)",50,5.362
"UT","managed (conservation)",60,6.768
"UT","managed (conservation)",70,8.159
"UT","managed (conservation)",80,9.405
"UT","managed (conservation)",90,10.595
"UT","managed (conservation)",100,11.406
"VA","managed (conservation)",0,0
"VA","managed (conservation)",10,8.141
"VA","managed (conservation)",20,13.656
"VA","managed (conservation)",30,18.083
"VA","managed (conservation)",40,30.05
"VA","managed (conservation)",50,50.925
"VA","managed (conservation)",60,61.108
"VA","managed (conservation)",70,68.793
"VA","managed (conservation)",80,73.652
"VA","managed (conservation)",90,81.752
"VA","managed (conservation)",100,93.161
"VT","managed (conservation)",0,0
"VT","managed (conservation)",10,3.651
"VT","managed (conservation)",20,6.946
"VT","managed (conservation)",30,10.21
"VT","managed (conservation)",40,12.845
"VT","managed (conservation)",50,15.114
"VT","managed (conservation)",60,20.14
"VT","managed (conservation)",70,23.314
"VT","managed (conservation)",80,27.611
"VT","managed (conservation)",90,31.819
"VT","managed (conservation)",100,33.75
"WA","managed (conservation)",0,0
"WA","managed (conservation)",10,14.895
"WA","managed (conservation)",20,24.91
"WA","managed (conservation)",30,33.897
"WA","managed (conservation)",40,40.537
"WA","managed (conservation)",50,53.429
"WA","managed (conservation)",60,60.419
"WA","managed (conservation)",70,68.28
"WA","managed (conservation)",80,76.214
"WA","managed (conservation)",90,81.011
"WA","managed (conservation)",100,86.422
"WI","managed (conservation)",0,0
"WI","managed (conservation)",10,7.71
"WI","managed (conservation)",20,15.337
"WI","managed (conservation)",30,22.928
"WI","managed (conservation)",40,30.564
"WI","managed (conservation)",50,39.922
"WI","managed (conservation)",60,49.289
"WI","managed (conservation)",70,56.366
"WI","managed (conservation)",80,62.91
"WI","managed (conservation)",90,67.751
"WI","managed (conservation)",100,73.241
"WV","managed (conservation)",0,0
"WV","managed (conservation)",10,6.068
"WV","managed (conservation)",20,10.915
"WV","managed (conservation)",30,15.525
"WV","managed (conservation)",40,21.458
"WV","managed (conservation)",50,27.199
"WV","managed (conservation)",60,34.993
"WV","managed (conservation)",70,40.099
"WV","managed (conservation)",80,46.534
"WV","managed (conservation)",90,52.929
"WV","managed (conservation)",100,56.949
"WY","managed (conservation)",0,0
"WY","managed (conservation)",10,1.354
"WY","managed (conservation)",20,2.548
"WY","managed (conservation)",30,3.919
"WY","managed (conservation)",40,5.234
"WY","managed (conservation)",50,7.467
"WY","managed (conservation)",60,8.8
"WY","managed (conservation)",70,10.314
"WY","managed (conservation)",80,11.713
"WY","managed (conservation)",90,12.907
"WY","managed (conservation)",100,14.519
