"prov","ft","n","p_dist_ann","sev","fire_share","insect_share"
"6.2.11","Alder/maple",52,0.02187,0.3797,0.577,0.071
"6.2.5","Alder/maple",51,0.03695,0.3201,0.073,0.281
"6.2.7","Alder/maple",150,0.0193,0.3135,0.142,0.107
"7.1.7","Alder/maple",60,0.01723,0.3285,0.032,0.125
"7.1.8","Alder/maple",427,0.01406,0.3107,0.036,0.032
"7.1.9","Alder/maple",20,0.01724,0.3111,0.118,0.082
"0.0.0","Aspen/birch",311,0.0083,0.2917,0.017,0.276
"10.1.5","Aspen/birch",22,0.01026,0.2934,0.204,0.173
"10.1.6","Aspen/birch",19,0.01735,0.3545,0.101,0.417
"13.1.1","Aspen/birch",50,0.01767,0.3364,0.596,0.175
"5.2.1","Aspen/birch",22695,0.00777,0.2858,0.025,0.295
"5.2.2","Aspen/birch",2891,0.00873,0.3574,0.036,0.394
"5.3.1","Aspen/birch",1313,0.01401,0.2496,0.002,0.119
"5.3.3","Aspen/birch",75,0.01567,0.222,0.017,0.334
"6.2.10","Aspen/birch",272,0.04017,0.3598,0.063,0.528
"6.2.13","Aspen/birch",600,0.02094,0.4635,0.171,0.445
"6.2.14","Aspen/birch",1294,0.04057,0.4087,0.059,0.574
"6.2.15","Aspen/birch",25,0.03862,0.4346,0.391,0.408
"6.2.3","Aspen/birch",51,0.03217,0.3307,0.13,0.329
"6.2.4","Aspen/birch",24,0.02553,0.4101,0.261,0.289
"6.2.5","Aspen/birch",16,0.04463,0.3124,0.124,0.453
"8.1.1","Aspen/birch",80,0.01472,0.249,0.005,0.238
"8.1.10","Aspen/birch",16,0.02548,0.2295,0.002,0.335
"8.1.3","Aspen/birch",87,0.01247,0.2242,0.003,0.399
"8.1.4","Aspen/birch",1559,0.00864,0.2862,0.007,0.216
"8.1.5","Aspen/birch",214,0.01968,0.2665,0.011,0.255
"8.1.6","Aspen/birch",95,0.01616,0.2938,0.02,0.646
"8.1.7","Aspen/birch",37,0.01119,0.2365,0.005,0.491
"8.1.8","Aspen/birch",1005,0.00883,0.2502,0.002,0.432
"8.2.1","Aspen/birch",16,0.01813,0.3099,0.004,0.478
"8.2.2","Aspen/birch",94,0.0282,0.3178,0.003,0.682
"8.4.1","Aspen/birch",35,0.01218,0.241,0.1,0.452
"8.4.2","Aspen/birch",28,0.01818,0.219,0.072,0.414
"8.4.3","Aspen/birch",53,0.02857,0.2298,0.009,0.379
"9.2.1","Aspen/birch",74,0.03246,0.2749,0.05,0.103
"9.2.2","Aspen/birch",219,0.01689,0.314,0.142,0.027
"11.1.1","California mixed conifer",40,0.0357,0.3678,0.372,0.054
"6.2.11","California mixed conifer",714,0.02877,0.3689,0.57,0.055
"6.2.12","California mixed conifer",1141,0.03595,0.3325,0.251,0.064
"6.2.7","California mixed conifer",34,0.02809,0.3203,0.276,0.053
"6.2.8","California mixed conifer",209,0.02867,0.2855,0.246,0.088
"10.1.2","Douglas-fir",49,0.03563,0.3051,0.149,0.345
"10.1.6","Douglas-fir",68,0.00959,0.3158,0.125,0.344
"10.1.8","Douglas-fir",16,0.04065,0.3834,0.172,0.596
"13.1.1","Douglas-fir",342,0.0172,0.3421,0.55,0.208
"6.2.10","Douglas-fir",1714,0.04165,0.3592,0.053,0.66
"6.2.11","Douglas-fir",925,0.02224,0.3629,0.504,0.09
"6.2.13","Douglas-fir",214,0.02022,0.4508,0.147,0.494
"6.2.14","Douglas-fir",732,0.03545,0.3638,0.063,0.631
"6.2.15","Douglas-fir",1068,0.03899,0.4398,0.376,0.425
"6.2.3","Douglas-fir",2672,0.03189,0.3258,0.115,0.337
"6.2.4","Douglas-fir",157,0.02368,0.41,0.22,0.303
"6.2.5","Douglas-fir",784,0.0408,0.3086,0.125,0.387
"6.2.7","Douglas-fir",3684,0.02049,0.311,0.145,0.105
"6.2.8","Douglas-fir",319,0.0415,0.256,0.078,0.247
"6.2.9","Douglas-fir",925,0.03245,0.2843,0.153,0.228
"7.1.7","Douglas-fir",204,0.01817,0.3206,0.035,0.131
"7.1.8","Douglas-fir",2238,0.0147,0.3078,0.059,0.038
"7.1.9","Douglas-fir",144,0.01712,0.2984,0.1,0.085
"9.3.3","Douglas-fir",41,0.03971,0.328,0.145,0.352
"0.0.0","Elm/ash/cottonwood",123,0.00998,0.2877,0.014,0.305
"13.1.1","Elm/ash/cottonwood",12,0.01185,0.3028,0.213,0.363
"5.2.1","Elm/ash/cottonwood",4528,0.00809,0.2825,0.02,0.296
"5.2.2","Elm/ash/cottonwood",632,0.00863,0.3568,0.033,0.404
"5.3.1","Elm/ash/cottonwood",215,0.01422,0.2513,0.005,0.165
"5.3.3","Elm/ash/cottonwood",31,0.01376,0.2155,0.039,0.44
"6.2.14","Elm/ash/cottonwood",15,0.03162,0.3378,0.051,0.642
"6.2.3","Elm/ash/cottonwood",19,0.03038,0.3173,0.147,0.279
"6.2.4","Elm/ash/cottonwood",12,0.0234,0.3835,0.218,0.28
"8.1.1","Elm/ash/cottonwood",210,0.01387,0.2599,0.007,0.256
"8.1.10","Elm/ash/cottonwood",67,0.0235,0.233,0.002,0.35
"8.1.3","Elm/ash/cottonwood",54,0.01548,0.2234,0.006,0.341
"8.1.4","Elm/ash/cottonwood",954,0.00891,0.2889,0.006,0.212
"8.1.5","Elm/ash/cottonwood",373,0.02838,0.2884,0.008,0.245
"8.1.6","Elm/ash/cottonwood",331,0.01853,0.302,0.012,0.711
"8.1.7","Elm/ash/cottonwood",188,0.01204,0.2397,0.006,0.506
"8.1.8","Elm/ash/cottonwood",204,0.00816,0.2516,0.003,0.476
"8.2.1","Elm/ash/cottonwood",87,0.01917,0.3115,0.003,0.525
"8.2.2","Elm/ash/cottonwood",147,0.02692,0.3133,0.005,0.726
"8.2.3","Elm/ash/cottonwood",30,0.01843,0.2605,0.015,0.493
"8.2.4","Elm/ash/cottonwood",152,0.03388,0.2602,0.004,0.49
"8.3.1","Elm/ash/cottonwood",36,0.01091,0.2643,0.034,0.447
"8.3.2","Elm/ash/cottonwood",564,0.02109,0.2264,0.013,0.094
"8.3.3","Elm/ash/cottonwood",492,0.0145,0.2263,0.025,0.363
"8.3.4","Elm/ash/cottonwood",903,0.00632,0.229,0.338,0.16
"8.3.5","Elm/ash/cottonwood",1252,0.0116,0.2388,0.332,0.054
"8.3.6","Elm/ash/cottonwood",248,0.00958,0.2317,0.176,0.078
"8.3.7","Elm/ash/cottonwood",513,0.00753,0.2519,0.241,0.017
"8.3.8","Elm/ash/cottonwood",130,0.01095,0.4151,0.075,0.005
"8.4.1","Elm/ash/cottonwood",165,0.01116,0.2412,0.124,0.44
"8.4.2","Elm/ash/cottonwood",84,0.01424,0.2175,0.145,0.452
"8.4.3","Elm/ash/cottonwood",294,0.02808,0.2332,0.01,0.412
"8.4.4","Elm/ash/cottonwood",29,0.0144,0.2457,0.181,0.482
"8.4.5","Elm/ash/cottonwood",163,0.02068,0.2274,0.126,0.018
"8.4.6","Elm/ash/cottonwood",16,0.01241,0.2264,0.227,0.012
"8.4.7","Elm/ash/cottonwood",86,0.01203,0.2438,0.378,0.032
"8.4.8","Elm/ash/cottonwood",13,0.01101,0.2271,0.616,0.035
"8.4.9","Elm/ash/cottonwood",31,0.00828,0.2388,0.209,0.375
"8.5.1","Elm/ash/cottonwood",230,0.0117,0.2443,0.317,0.045
"8.5.2","Elm/ash/cottonwood",1419,0.0116,0.2696,0.033,0.008
"8.5.3","Elm/ash/cottonwood",213,0.01659,0.2506,0.327,0.029
"9.2.1","Elm/ash/cottonwood",11,0.02462,0.2864,0.048,0.145
"9.2.2","Elm/ash/cottonwood",24,0.01805,0.304,0.142,0.02
"9.2.3","Elm/ash/cottonwood",264,0.02833,0.2733,0.014,0.065
"9.2.4","Elm/ash/cottonwood",288,0.02496,0.2399,0.033,0.049
"9.3.3","Elm/ash/cottonwood",25,0.03081,0.2656,0.182,0.047
"9.4.2","Elm/ash/cottonwood",59,0.03853,0.2925,0.048,0.009
"9.4.5","Elm/ash/cottonwood",27,0.02366,0.2684,0.485,0.01
"10.1.5","Exotic hardwoods",233,0.01014,0.2974,0.159,0.253
"10.1.6","Exotic hardwoods",172,0.01195,0.3071,0.099,0.369
"10.1.7","Exotic hardwoods",26,0.01404,0.3168,0.345,0.337
"10.2.1","Exotic hardwoods",11,0.01186,0.2246,0.067,0.319
"10.2.2","Exotic hardwoods",10,0.01574,0.4597,0.681,0.061
"10.2.4","Exotic hardwoods",13,0.01487,0.3594,0.2,0.104
"12.1.1","Exotic hardwoods",235,0.01708,0.4537,0.639,0.046
"13.1.1","Exotic hardwoods",829,0.01513,0.3475,0.503,0.219
"6.2.10","Exotic hardwoods",25,0.04004,0.3495,0.055,0.662
"6.2.13","Exotic hardwoods",263,0.0144,0.403,0.169,0.474
"6.2.14","Exotic hardwoods",463,0.03205,0.353,0.086,0.565
"6.2.3","Exotic hardwoods",14,0.03229,0.3298,0.086,0.337
"6.2.8","Exotic hardwoods",20,0.03749,0.2532,0.124,0.154
"6.2.9","Exotic hardwoods",27,0.03168,0.2906,0.182,0.194
"8.3.8","Exotic hardwoods",20,0.01121,0.3914,0.155,0.004
"9.4.2","Exotic hardwoods",13,0.02738,0.3123,0.24,0.011
"9.4.3","Exotic hardwoods",28,0.01632,0.3385,0.39,0.283
"9.4.5","Exotic hardwoods",43,0.0206,0.2941,0.487,0.009
"9.4.6","Exotic hardwoods",60,0.02434,0.3437,0.255,0.015
"9.6.1","Exotic hardwoods",14,0.00319,0.3303,0.145,0.032
"5.2.1","Exotic softwoods",131,0.00762,0.2711,0.037,0.321
"5.3.1","Exotic softwoods",39,0.01442,0.2403,0.003,0.153
"5.3.3","Exotic softwoods",12,0.0163,0.2198,0.007,0.26
"8.1.3","Exotic softwoods",62,0.01235,0.2251,0.003,0.466
"8.1.4","Exotic softwoods",23,0.00942,0.2824,0.012,0.167
"8.1.6","Exotic softwoods",27,0.01643,0.2891,0.015,0.687
"8.1.8","Exotic softwoods",24,0.00967,0.248,0.003,0.444
"8.4.2","Exotic softwoods",24,0.01401,0.2208,0.112,0.454
"10.1.5","Fir/spruce/mtn hemlock",38,0.01002,0.2923,0.178,0.219
"10.1.6","Fir/spruce/mtn hemlock",10,0.01388,0.3309,0.088,0.36
"13.1.1","Fir/spruce/mtn hemlock",123,0.01902,0.3486,0.537,0.217
"6.2.10","Fir/spruce/mtn hemlock",1235,0.04579,0.3955,0.039,0.697
"6.2.11","Fir/spruce/mtn hemlock",122,0.02917,0.3571,0.474,0.083
"6.2.12","Fir/spruce/mtn hemlock",338,0.03888,0.3387,0.222,0.076
"6.2.13","Fir/spruce/mtn hemlock",671,0.02014,0.4581,0.102,0.6
"6.2.14","Fir/spruce/mtn hemlock",2055,0.04043,0.4136,0.028,0.732
"6.2.15","Fir/spruce/mtn hemlock",1014,0.04053,0.4611,0.311,0.474
"6.2.3","Fir/spruce/mtn hemlock",1605,0.03366,0.3521,0.091,0.347
"6.2.4","Fir/spruce/mtn hemlock",539,0.02434,0.4334,0.18,0.32
"6.2.5","Fir/spruce/mtn hemlock",629,0.0433,0.3248,0.089,0.38
"6.2.7","Fir/spruce/mtn hemlock",1076,0.0246,0.3119,0.12,0.097
"6.2.8","Fir/spruce/mtn hemlock",471,0.0433,0.2716,0.102,0.218
"6.2.9","Fir/spruce/mtn hemlock",1199,0.03379,0.2962,0.131,0.242
"7.1.8","Fir/spruce/mtn hemlock",34,0.02307,0.3126,0.038,0.128
"6.2.15","Hemlock/Sitka spruce",28,0.03526,0.4343,0.369,0.379
"6.2.3","Hemlock/Sitka spruce",587,0.03178,0.3316,0.092,0.313
"6.2.5","Hemlock/Sitka spruce",404,0.03802,0.3129,0.066,0.323
"6.2.7","Hemlock/Sitka spruce",585,0.01979,0.3117,0.123,0.095
"7.1.7","Hemlock/Sitka spruce",55,0.02772,0.3186,0.065,0.245
"7.1.8","Hemlock/Sitka spruce",562,0.01456,0.3088,0.021,0.025
"8.3.1","Loblolly/shortleaf pine",47,0.01053,0.2561,0.033,0.48
"8.3.2","Loblolly/shortleaf pine",28,0.01698,0.2202,0.018,0.125
"8.3.3","Loblolly/shortleaf pine",352,0.01357,0.2167,0.078,0.361
"8.3.4","Loblolly/shortleaf pine",12112,0.0065,0.2208,0.391,0.153
"8.3.5","Loblolly/shortleaf pine",17869,0.01195,0.2116,0.524,0.053
"8.3.6","Loblolly/shortleaf pine",1304,0.00932,0.1995,0.355,0.098
"8.3.7","Loblolly/shortleaf pine",11403,0.00756,0.2175,0.47,0.019
"8.3.8","Loblolly/shortleaf pine",61,0.01122,0.3563,0.242,0.009
"8.4.1","Loblolly/shortleaf pine",1430,0.01126,0.2259,0.188,0.418
"8.4.2","Loblolly/shortleaf pine",85,0.01341,0.2146,0.148,0.48
"8.4.3","Loblolly/shortleaf pine",130,0.02727,0.2264,0.013,0.426
"8.4.4","Loblolly/shortleaf pine",807,0.01519,0.2428,0.19,0.549
"8.4.5","Loblolly/shortleaf pine",401,0.02012,0.2155,0.251,0.021
"8.4.6","Loblolly/shortleaf pine",237,0.01223,0.2278,0.283,0.015
"8.4.7","Loblolly/shortleaf pine",479,0.01131,0.2213,0.558,0.037
"8.4.8","Loblolly/shortleaf pine",2379,0.01291,0.2061,0.704,0.047
"8.4.9","Loblolly/shortleaf pine",1168,0.00885,0.2251,0.323,0.313
"8.5.1","Loblolly/shortleaf pine",5902,0.01326,0.2273,0.482,0.047
"8.5.2","Loblolly/shortleaf pine",108,0.00891,0.2225,0.288,0.015
"8.5.3","Loblolly/shortleaf pine",2859,0.01676,0.2338,0.476,0.03
"8.5.4","Loblolly/shortleaf pine",347,0.00895,0.1845,0.556,0.257
"9.5.1","Loblolly/shortleaf pine",33,0.01536,0.2497,0.177,0.019
"6.2.10","Lodgepole pine",1703,0.04584,0.383,0.047,0.689
"6.2.12","Lodgepole pine",159,0.04137,0.3468,0.216,0.098
"6.2.13","Lodgepole pine",281,0.023,0.4593,0.088,0.633
"6.2.14","Lodgepole pine",692,0.04389,0.4018,0.034,0.7
"6.2.15","Lodgepole pine",538,0.04212,0.4588,0.324,0.473
"6.2.3","Lodgepole pine",674,0.03418,0.3459,0.099,0.364
"6.2.4","Lodgepole pine",203,0.02456,0.419,0.217,0.3
"6.2.5","Lodgepole pine",151,0.04691,0.3272,0.153,0.424
"6.2.7","Lodgepole pine",287,0.03384,0.2959,0.124,0.131
"6.2.8","Lodgepole pine",846,0.04374,0.2562,0.105,0.216
"6.2.9","Lodgepole pine",427,0.03432,0.2925,0.13,0.244
"7.1.8","Lodgepole pine",10,0.02194,0.3381,0.256,0.034
"15.4.1","Longleaf/slash pine",15,0.0275,0.2117,0.734,0.005
"8.3.4","Longleaf/slash pine",114,0.00729,0.2146,0.442,0.146
"8.3.5","Longleaf/slash pine",7213,0.01815,0.2071,0.593,0.038
"8.3.7","Longleaf/slash pine",759,0.0106,0.2067,0.536,0.018
"8.4.1","Longleaf/slash pine",46,0.01144,0.2183,0.202,0.38
"8.4.9","Longleaf/slash pine",10,0.00942,0.2159,0.396,0.264
"8.5.1","Longleaf/slash pine",559,0.0177,0.2064,0.603,0.041
"8.5.3","Longleaf/slash pine",9554,0.02128,0.2208,0.547,0.022
"0.0.0","Maple/beech/birch",312,0.00974,0.2774,0.011,0.274
"5.2.1","Maple/beech/birch",18450,0.00884,0.2716,0.018,0.289
"5.2.2","Maple/beech/birch",70,0.00855,0.3591,0.041,0.369
"5.3.1","Maple/beech/birch",11307,0.0156,0.2451,0.001,0.098
"5.3.3","Maple/beech/birch",2242,0.016,0.2243,0.014,0.317
"8.1.1","Maple/beech/birch",563,0.01464,0.2462,0.006,0.247
"8.1.10","Maple/beech/birch",296,0.02565,0.2319,0.002,0.338
"8.1.3","Maple/beech/birch",1826,0.01398,0.2266,0.003,0.37
"8.1.4","Maple/beech/birch",1821,0.00913,0.2799,0.006,0.205
"8.1.5","Maple/beech/birch",579,0.02078,0.2684,0.009,0.238
"8.1.6","Maple/beech/birch",318,0.01735,0.2973,0.014,0.731
"8.1.7","Maple/beech/birch",459,0.01291,0.2366,0.004,0.382
"8.1.8","Maple/beech/birch",3030,0.00995,0.2424,0.002,0.376
"8.2.1","Maple/beech/birch",53,0.01939,0.2977,0.004,0.506
"8.2.2","Maple/beech/birch",81,0.02649,0.315,0.005,0.715
"8.2.3","Maple/beech/birch",24,0.01636,0.2612,0.015,0.512
"8.2.4","Maple/beech/birch",214,0.03204,0.2498,0.005,0.501
"8.3.1","Maple/beech/birch",25,0.01304,0.2668,0.011,0.316
"8.3.2","Maple/beech/birch",282,0.01638,0.2162,0.017,0.124
"8.3.3","Maple/beech/birch",740,0.01409,0.2287,0.023,0.385
"8.4.1","Maple/beech/birch",1059,0.01383,0.2458,0.096,0.433
"8.4.2","Maple/beech/birch",1739,0.01574,0.2195,0.106,0.437
"8.4.3","Maple/beech/birch",1190,0.02819,0.2311,0.01,0.407
"8.4.4","Maple/beech/birch",320,0.01907,0.2411,0.131,0.497
"8.4.5","Maple/beech/birch",110,0.01856,0.221,0.15,0.02
"8.4.9","Maple/beech/birch",62,0.00741,0.2417,0.173,0.425
"9.2.3","Maple/beech/birch",92,0.02567,0.2681,0.018,0.07
"9.2.4","Maple/beech/birch",155,0.02239,0.2358,0.037,0.052
"15.4.1","Oak/gum/cypress",108,0.02894,0.2165,0.733,0.006
"8.1.7","Oak/gum/cypress",18,0.01065,0.2348,0.006,0.561
"8.2.4","Oak/gum/cypress",13,0.04104,0.2731,0.001,0.458
"8.3.2","Oak/gum/cypress",98,0.02189,0.2255,0.012,0.088
"8.3.3","Oak/gum/cypress",100,0.01314,0.2213,0.044,0.35
"8.3.4","Oak/gum/cypress",586,0.00636,0.2303,0.346,0.147
"8.3.5","Oak/gum/cypress",8322,0.01293,0.2283,0.415,0.048
"8.3.6","Oak/gum/cypress",563,0.00927,0.2235,0.203,0.093
"8.3.7","Oak/gum/cypress",3174,0.00748,0.2427,0.281,0.016
"8.3.8","Oak/gum/cypress",97,0.01097,0.3915,0.133,0.007
"8.4.1","Oak/gum/cypress",53,0.0105,0.217,0.201,0.37
"8.4.5","Oak/gum/cypress",47,0.02145,0.2249,0.121,0.018
"8.4.6","Oak/gum/cypress",11,0.01255,0.2188,0.266,0.012
"8.4.7","Oak/gum/cypress",102,0.01285,0.2429,0.384,0.029
"8.4.8","Oak/gum/cypress",74,0.01208,0.2226,0.629,0.051
"8.4.9","Oak/gum/cypress",67,0.00923,0.2275,0.303,0.313
"8.5.1","Oak/gum/cypress",3575,0.01274,0.2428,0.378,0.045
"8.5.2","Oak/gum/cypress",2209,0.01078,0.2606,0.037,0.008
"8.5.3","Oak/gum/cypress",5902,0.01886,0.2396,0.444,0.025
"8.5.4","Oak/gum/cypress",55,0.00893,0.1903,0.518,0.285
"9.2.4","Oak/gum/cypress",21,0.02674,0.2423,0.021,0.048
"9.5.1","Oak/gum/cypress",41,0.015,0.2726,0.12,0.015
"0.0.0","Oak/hickory",30,0.01049,0.2656,0.017,0.322
"5.2.1","Oak/hickory",4214,0.00752,0.2758,0.038,0.319
"5.2.2","Oak/hickory",21,0.00913,0.3586,0.032,0.424
"5.3.1","Oak/hickory",691,0.01461,0.2466,0.005,0.154
"5.3.3","Oak/hickory",881,0.01359,0.223,0.036,0.447
"6.2.10","Oak/hickory",31,0.03547,0.3118,0.088,0.392
"8.1.1","Oak/hickory",75,0.01464,0.2471,0.007,0.241
"8.1.10","Oak/hickory",127,0.02444,0.2374,0.002,0.329
"8.1.3","Oak/hickory",329,0.01346,0.2288,0.007,0.401
"8.1.4","Oak/hickory",1929,0.00866,0.2787,0.011,0.233
"8.1.5","Oak/hickory",2075,0.02005,0.2658,0.01,0.249
"8.1.6","Oak/hickory",655,0.01576,0.2885,0.017,0.739
"8.1.7","Oak/hickory",730,0.01144,0.2322,0.006,0.501
"8.1.8","Oak/hickory",83,0.0094,0.2397,0.003,0.448
"8.2.1","Oak/hickory",118,0.01706,0.2988,0.005,0.479
"8.2.2","Oak/hickory",93,0.02531,0.3075,0.005,0.719
"8.2.3","Oak/hickory",102,0.01643,0.2589,0.016,0.48
"8.2.4","Oak/hickory",319,0.02978,0.2456,0.007,0.491
"8.3.1","Oak/hickory",534,0.01151,0.2512,0.073,0.502
"8.3.2","Oak/hickory",2062,0.01592,0.2154,0.02,0.119
"8.3.3","Oak/hickory",5666,0.0132,0.2236,0.032,0.388
"8.3.4","Oak/hickory",9395,0.00642,0.2302,0.331,0.186
"8.3.5","Oak/hickory",8722,0.01109,0.2205,0.465,0.061
"8.3.6","Oak/hickory",1156,0.00848,0.224,0.218,0.099
"8.3.7","Oak/hickory",3129,0.00731,0.2281,0.401,0.019
"8.3.8","Oak/hickory",319,0.01182,0.3943,0.154,0.006
"8.4.1","Oak/hickory",6967,0.01145,0.2412,0.14,0.465
"8.4.2","Oak/hickory",3685,0.01342,0.2156,0.141,0.477
"8.4.3","Oak/hickory",3113,0.0273,0.2282,0.011,0.439
"8.4.4","Oak/hickory",5264,0.01561,0.2417,0.185,0.56
"8.4.5","Oak/hickory",9919,0.0189,0.2215,0.157,0.019
"8.4.6","Oak/hickory",2260,0.01185,0.2331,0.214,0.014
"8.4.7","Oak/hickory",1052,0.01201,0.2341,0.456,0.033
"8.4.8","Oak/hickory",1610,0.01262,0.2138,0.648,0.053
"8.4.9","Oak/hickory",2682,0.00843,0.2417,0.226,0.377
"8.5.1","Oak/hickory",1044,0.01182,0.2346,0.397,0.052
"8.5.2","Oak/hickory",201,0.01098,0.2499,0.13,0.023
"8.5.3","Oak/hickory",592,0.01823,0.243,0.464,0.029
"8.5.4","Oak/hickory",62,0.00888,0.1971,0.431,0.32
"9.2.1","Oak/hickory",23,0.03461,0.2655,0.045,0.09
"9.2.2","Oak/hickory",37,0.01544,0.3127,0.148,0.027
"9.2.3","Oak/hickory",283,0.02485,0.2653,0.022,0.075
"9.2.4","Oak/hickory",862,0.02089,0.2312,0.045,0.06
"9.3.3","Oak/hickory",16,0.04374,0.2873,0.166,0.056
"9.4.2","Oak/hickory",16,0.03461,0.2837,0.22,0.008
"9.4.5","Oak/hickory",373,0.02696,0.2651,0.521,0.007
"9.4.6","Oak/hickory",45,0.02304,0.342,0.26,0.017
"9.5.1","Oak/hickory",16,0.01423,0.2717,0.13,0.014
"5.2.1","Oak/pine",1129,0.00717,0.279,0.045,0.304
"5.2.2","Oak/pine",15,0.00793,0.3489,0.045,0.388
"5.3.1","Oak/pine",385,0.0145,0.2447,0.003,0.148
"5.3.3","Oak/pine",65,0.01298,0.2247,0.031,0.455
"8.1.1","Oak/pine",58,0.01543,0.2368,0.005,0.215
"8.1.3","Oak/pine",105,0.01351,0.2252,0.003,0.376
"8.1.4","Oak/pine",261,0.008,0.2804,0.014,0.23
"8.1.5","Oak/pine",41,0.01808,0.2577,0.015,0.266
"8.1.6","Oak/pine",40,0.01684,0.2923,0.016,0.763
"8.1.7","Oak/pine",213,0.01154,0.2291,0.006,0.493
"8.1.8","Oak/pine",148,0.00932,0.2427,0.003,0.462
"8.2.2","Oak/pine",11,0.02197,0.295,0.006,0.684
"8.2.4","Oak/pine",25,0.02937,0.2462,0.005,0.478
"8.3.1","Oak/pine",56,0.00972,0.2457,0.083,0.48
"8.3.2","Oak/pine",102,0.01559,0.2128,0.022,0.119
"8.3.3","Oak/pine",596,0.01382,0.2241,0.038,0.366
"8.3.4","Oak/pine",4474,0.00644,0.2253,0.359,0.17
"8.3.5","Oak/pine",8221,0.01293,0.2143,0.517,0.052
"8.3.6","Oak/pine",510,0.00904,0.2092,0.295,0.099
"8.3.7","Oak/pine",3673,0.00726,0.2235,0.429,0.02
"8.3.8","Oak/pine",43,0.01174,0.3878,0.177,0.006
"8.4.1","Oak/pine",1352,0.01122,0.2367,0.156,0.445
"8.4.2","Oak/pine",130,0.01372,0.2169,0.136,0.475
"8.4.3","Oak/pine",218,0.02559,0.2261,0.011,0.448
"8.4.4","Oak/pine",1273,0.01541,0.2419,0.185,0.564
"8.4.5","Oak/pine",1177,0.01976,0.2196,0.195,0.019
"8.4.6","Oak/pine",203,0.01228,0.2255,0.295,0.016
"8.4.7","Oak/pine",393,0.01173,0.2254,0.537,0.036
"8.4.8","Oak/pine",1100,0.01251,0.2101,0.68,0.051
"8.4.9","Oak/pine",746,0.00866,0.235,0.27,0.346
"8.5.1","Oak/pine",1574,0.01264,0.2342,0.425,0.046
"8.5.2","Oak/pine",44,0.00842,0.226,0.312,0.015
"8.5.3","Oak/pine",2066,0.01975,0.2314,0.51,0.025
"8.5.4","Oak/pine",92,0.00918,0.1899,0.504,0.279
"9.2.3","Oak/pine",20,0.02554,0.2648,0.021,0.056
"9.2.4","Oak/pine",40,0.0207,0.2305,0.037,0.058
"9.4.2","Oak/pine",13,0.04382,0.2903,0.06,0.011
"9.4.5","Oak/pine",21,0.02474,0.2714,0.484,0.013
"9.5.1","Oak/pine",25,0.01588,0.2725,0.139,0.016
"8.1.1","Other eastern softwoods",11,0.01438,0.2621,0.008,0.22
"8.1.5","Other eastern softwoods",12,0.02332,0.2639,0.009,0.185
"8.2.1","Other eastern softwoods",10,0.01491,0.2773,0.008,0.579
"8.3.2","Other eastern softwoods",29,0.01461,0.2135,0.024,0.11
"8.3.3","Other eastern softwoods",215,0.01464,0.2271,0.022,0.349
"8.3.4","Other eastern softwoods",90,0.00652,0.2271,0.361,0.15
"8.3.5","Other eastern softwoods",73,0.01075,0.2168,0.488,0.058
"8.3.7","Other eastern softwoods",18,0.00652,0.2128,0.469,0.021
"8.3.8","Other eastern softwoods",21,0.01192,0.403,0.138,0.005
"8.4.1","Other eastern softwoods",63,0.01007,0.2447,0.094,0.475
"8.4.5","Other eastern softwoods",277,0.01919,0.2198,0.155,0.018
"8.4.6","Other eastern softwoods",23,0.01196,0.2285,0.251,0.02
"8.4.7","Other eastern softwoods",67,0.01145,0.2315,0.429,0.032
"8.4.8","Other eastern softwoods",13,0.01479,0.216,0.686,0.04
"8.4.9","Other eastern softwoods",10,0.00933,0.2531,0.17,0.35
"9.2.4","Other eastern softwoods",18,0.01947,0.2286,0.047,0.057
"9.4.2","Other eastern softwoods",18,0.04205,0.2653,0.049,0.009
"9.4.5","Other eastern softwoods",17,0.02765,0.2647,0.526,0.006
"10.1.3","Other western softwoods",164,0.01486,0.3569,0.218,0.051
"13.1.1","Other western softwoods",30,0.01672,0.3552,0.549,0.199
"6.2.10","Other western softwoods",333,0.04691,0.398,0.038,0.688
"6.2.11","Other western softwoods",15,0.02776,0.3377,0.514,0.077
"6.2.12","Other western softwoods",41,0.0396,0.3366,0.208,0.081
"6.2.13","Other western softwoods",13,0.01439,0.4072,0.144,0.45
"6.2.14","Other western softwoods",120,0.03827,0.389,0.036,0.714
"6.2.15","Other western softwoods",43,0.04202,0.4823,0.299,0.483
"6.2.4","Other western softwoods",27,0.02209,0.4242,0.183,0.309
"6.2.8","Other western softwoods",244,0.03517,0.2517,0.135,0.113
"6.2.9","Other western softwoods",564,0.02755,0.2706,0.212,0.122
"7.1.8","Other western softwoods",10,0.0142,0.3298,0.084,0.029
"10.1.3","Pinyon/juniper",39,0.01305,0.3579,0.44,0.088
"10.1.5","Pinyon/juniper",3826,0.00989,0.2753,0.087,0.274
"10.1.6","Pinyon/juniper",2528,0.00826,0.2869,0.085,0.331
"10.1.7","Pinyon/juniper",2288,0.00978,0.2896,0.095,0.465
"10.2.1","Pinyon/juniper",210,0.01213,0.2492,0.093,0.331
"10.2.2","Pinyon/juniper",14,0.01442,0.3824,0.655,0.115
"10.2.4","Pinyon/juniper",16,0.0159,0.3715,0.319,0.086
"12.1.1","Pinyon/juniper",153,0.01354,0.3923,0.422,0.096
"13.1.1","Pinyon/juniper",4033,0.01277,0.3233,0.374,0.285
"6.2.10","Pinyon/juniper",57,0.03619,0.3288,0.061,0.541
"6.2.13","Pinyon/juniper",463,0.01001,0.3429,0.085,0.577
"6.2.14","Pinyon/juniper",1133,0.02441,0.3083,0.054,0.641
"6.2.8","Pinyon/juniper",20,0.03325,0.252,0.144,0.102
"8.4.5","Pinyon/juniper",14,0.01677,0.1947,0.199,0.017
"9.3.3","Pinyon/juniper",111,0.02832,0.2816,0.204,0.051
"9.4.1","Pinyon/juniper",10,0.0445,0.2988,0.208,0.101
"9.4.3","Pinyon/juniper",529,0.0152,0.2998,0.21,0.405
"9.4.5","Pinyon/juniper",84,0.01816,0.2867,0.454,0.012
"9.4.6","Pinyon/juniper",319,0.021,0.3305,0.227,0.019
"10.1.2","Ponderosa pine",43,0.03276,0.2848,0.203,0.255
"10.1.3","Ponderosa pine",13,0.02721,0.2814,0.172,0.118
"10.1.5","Ponderosa pine",11,0.0169,0.2856,0.113,0.219
"10.1.6","Ponderosa pine",53,0.01473,0.2983,0.065,0.425
"10.1.7","Ponderosa pine",114,0.01338,0.3015,0.283,0.367
"10.1.8","Ponderosa pine",15,0.03726,0.4244,0.415,0.351
"11.1.1","Ponderosa pine",12,0.02604,0.3328,0.348,0.053
"13.1.1","Ponderosa pine",2221,0.01576,0.3345,0.511,0.227
"6.2.10","Ponderosa pine",1069,0.03526,0.3116,0.082,0.391
"6.2.11","Ponderosa pine",139,0.0249,0.3563,0.504,0.079
"6.2.12","Ponderosa pine",259,0.03275,0.3201,0.271,0.068
"6.2.13","Ponderosa pine",70,0.01275,0.368,0.107,0.521
"6.2.14","Ponderosa pine",920,0.03081,0.3271,0.082,0.611
"6.2.15","Ponderosa pine",348,0.03577,0.4118,0.468,0.354
"6.2.3","Ponderosa pine",478,0.03043,0.3091,0.158,0.31
"6.2.5","Ponderosa pine",139,0.0411,0.2903,0.188,0.41
"6.2.7","Ponderosa pine",250,0.03058,0.2914,0.17,0.137
"6.2.8","Ponderosa pine",2045,0.0393,0.2425,0.133,0.181
"6.2.9","Ponderosa pine",2033,0.03158,0.276,0.194,0.199
"9.3.3","Ponderosa pine",415,0.03536,0.2621,0.194,0.065
"9.4.1","Ponderosa pine",84,0.06402,0.2635,0.042,0.028
"9.4.3","Ponderosa pine",12,0.01845,0.2746,0.083,0.551
"7.1.8","Redwood",170,0.01475,0.2963,0.139,0.021
"0.0.0","Spruce/fir",437,0.0073,0.2787,0.014,0.305
"5.2.1","Spruce/fir",14233,0.00762,0.2872,0.019,0.298
"5.2.2","Spruce/fir",4479,0.00835,0.3584,0.02,0.431
"5.3.1","Spruce/fir",3660,0.01286,0.249,0.002,0.124
"6.2.10","Spruce/fir",50,0.03552,0.3075,0.088,0.345
"8.1.1","Spruce/fir",38,0.01381,0.2521,0.004,0.182
"8.1.4","Spruce/fir",450,0.00903,0.2926,0.006,0.212
"8.1.8","Spruce/fir",2747,0.00832,0.2485,0.002,0.439
"8.2.1","Spruce/fir",28,0.02173,0.3179,0.002,0.493
"8.4.1","Spruce/fir",15,0.02086,0.2416,0.018,0.356
"8.4.2","Spruce/fir",27,0.02113,0.2206,0.038,0.358
"8.4.4","Spruce/fir",20,0.02575,0.2484,0.075,0.392
"11.1.1","Tanoak/laurel",10,0.03559,0.3359,0.361,0.043
"6.2.11","Tanoak/laurel",344,0.02108,0.3858,0.589,0.074
"6.2.12","Tanoak/laurel",14,0.03528,0.3506,0.271,0.058
"6.2.7","Tanoak/laurel",26,0.02368,0.3009,0.136,0.114
"7.1.8","Tanoak/laurel",393,0.01602,0.3429,0.235,0.035
"15.4.1","Tropical hardwoods",14,0.03119,0.219,0.753,0.006
"8.5.3","Tropical hardwoods",182,0.01976,0.2659,0.44,0.024
"6.2.10","Western larch",20,0.03905,0.3501,0.062,0.573
"6.2.3","Western larch",565,0.03269,0.3331,0.096,0.354
"6.2.4","Western larch",51,0.02724,0.4036,0.218,0.322
"6.2.5","Western larch",12,0.04271,0.3001,0.179,0.418
"6.2.9","Western larch",166,0.03369,0.296,0.13,0.241
"11.1.1","Western oak",394,0.04733,0.3229,0.241,0.024
"11.1.3","Western oak",18,0.03005,0.3646,0.429,0.047
"6.2.11","Western oak",259,0.02288,0.3602,0.568,0.064
"6.2.12","Western oak",122,0.03544,0.3465,0.301,0.06
"6.2.8","Western oak",81,0.03706,0.255,0.126,0.182
"7.1.8","Western oak",18,0.01883,0.3306,0.271,0.07
"6.2.12","Western white pine",16,0.03896,0.3422,0.201,0.104
"6.2.3","Western white pine",23,0.03353,0.3339,0.109,0.335
"0.0.0","White/red/jack pine",54,0.00871,0.2831,0.027,0.263
"5.2.1","White/red/jack pine",6682,0.00701,0.2802,0.047,0.295
"5.2.2","White/red/jack pine",244,0.00811,0.3504,0.044,0.424
"5.3.1","White/red/jack pine",1294,0.01572,0.2455,0.002,0.122
"5.3.3","White/red/jack pine",121,0.01461,0.2237,0.021,0.359
"8.1.1","White/red/jack pine",87,0.01506,0.2423,0.005,0.181
"8.1.10","White/red/jack pine",11,0.02384,0.2357,0.001,0.326
"8.1.3","White/red/jack pine",217,0.01425,0.2279,0.003,0.374
"8.1.4","White/red/jack pine",1074,0.00777,0.2827,0.013,0.221
"8.1.5","White/red/jack pine",112,0.01803,0.261,0.014,0.258
"8.1.6","White/red/jack pine",103,0.01434,0.2836,0.024,0.725
"8.1.7","White/red/jack pine",452,0.0119,0.234,0.005,0.458
"8.1.8","White/red/jack pine",636,0.00892,0.2419,0.002,0.455
"8.2.1","White/red/jack pine",10,0.01747,0.2775,0.004,0.518
"8.3.1","White/red/jack pine",15,0.0087,0.2365,0.052,0.478
"8.3.2","White/red/jack pine",21,0.01502,0.2165,0.015,0.121
"8.3.3","White/red/jack pine",27,0.01417,0.2238,0.041,0.415
"8.3.4","White/red/jack pine",63,0.00641,0.2358,0.269,0.245
"8.4.1","White/red/jack pine",198,0.01139,0.2457,0.136,0.473
"8.4.2","White/red/jack pine",71,0.01617,0.222,0.124,0.441
"8.4.3","White/red/jack pine",78,0.02767,0.2283,0.008,0.404
"8.4.4","White/red/jack pine",418,0.01515,0.2396,0.18,0.568
"8.4.9","White/red/jack pine",42,0.00729,0.2455,0.199,0.386
"8.5.4","White/red/jack pine",20,0.00977,0.1912,0.484,0.289
"11.1.1","Woodland hardwoods",12,0.04546,0.3419,0.284,0.034
"5.2.1","Woodland hardwoods",300,0.0073,0.2845,0.029,0.304
"5.2.2","Woodland hardwoods",34,0.00759,0.3496,0.038,0.398
"5.3.1","Woodland hardwoods",110,0.0136,0.2475,0.002,0.136
"5.3.3","Woodland hardwoods",165,0.01485,0.2214,0.022,0.366
"6.2.10","Woodland hardwoods",30,0.03549,0.3114,0.082,0.378
"6.2.11","Woodland hardwoods",153,0.02146,0.3611,0.534,0.078
"6.2.12","Woodland hardwoods",24,0.03517,0.3727,0.307,0.073
"6.2.3","Woodland hardwoods",22,0.03059,0.3154,0.133,0.339
"6.2.7","Woodland hardwoods",36,0.01953,0.3137,0.152,0.095
"6.2.8","Woodland hardwoods",24,0.03603,0.2654,0.147,0.169
"6.2.9","Woodland hardwoods",27,0.0324,0.2904,0.185,0.2
"7.1.8","Woodland hardwoods",37,0.01518,0.3176,0.134,0.029
"8.1.1","Woodland hardwoods",36,0.01322,0.245,0.005,0.245
"8.1.3","Woodland hardwoods",63,0.01426,0.2341,0.003,0.354
"8.1.4","Woodland hardwoods",10,0.00893,0.2798,0.004,0.208
"8.1.5","Woodland hardwoods",12,0.0174,0.2585,0.01,0.269
"8.1.7","Woodland hardwoods",47,0.01161,0.2322,0.006,0.515
"8.1.8","Woodland hardwoods",54,0.00943,0.2468,0.002,0.442
"8.3.3","Woodland hardwoods",10,0.0137,0.2162,0.033,0.386
"8.3.4","Woodland hardwoods",42,0.00664,0.2294,0.359,0.172
"8.3.5","Woodland hardwoods",71,0.01222,0.2304,0.435,0.047
"8.4.1","Woodland hardwoods",197,0.01269,0.2518,0.121,0.452
"8.4.2","Woodland hardwoods",48,0.0147,0.2151,0.091,0.431
"8.4.3","Woodland hardwoods",24,0.03371,0.2397,0.006,0.35
"8.4.4","Woodland hardwoods",159,0.01706,0.2399,0.169,0.541
"8.4.9","Woodland hardwoods",10,0.00805,0.2423,0.196,0.339
"8.5.1","Woodland hardwoods",12,0.01083,0.2553,0.3,0.044
"8.5.3","Woodland hardwoods",38,0.01703,0.2433,0.432,0.026
"9.4.5","Woodland hardwoods",16,0.0233,0.2696,0.493,0.009
"9.4.6","Woodland hardwoods",16,0.0223,0.3402,0.268,0.018
