"state","cell","ft_group","prov_code","ageclass","saw_vol_frac","pulp_vol_frac","saw_bio_frac","pulp_bio_frac","res_bio_frac","sw_frac"
"ME","Aspen/birch|5.3.1","Aspen/birch","5.3.1","young<40",0.229,0.771,0.0359,0.1448,0.8193,0.3686
"ME","Elm/ash/cottonwood|5.3.1","Elm/ash/cottonwood","5.3.1","young<40",0.2734,0.7266,0.0706,0.2004,0.729,0.3732
"ME","Exotic softwoods|5.3.1","Exotic softwoods","5.3.1","young<40",0.0434,0.9566,0.0154,0.3443,0.6403,0.4752
"ME","Maple/beech/birch|5.3.1","Maple/beech/birch","5.3.1","young<40",0.3443,0.6557,0.0826,0.1871,0.7303,0.2344
"ME","Oak/hickory|5.3.1","Oak/hickory","5.3.1","young<40",0.0868,0.9132,0.0125,0.2064,0.7811,0.1021
"ME","Oak/pine|5.3.1","Oak/pine","5.3.1","young<40",0.588,0.412,0.2619,0.209,0.5292,0.5308
"ME","Spruce/fir|5.3.1","Spruce/fir","5.3.1","young<40",0.3147,0.6853,0.0498,0.1252,0.825,0.8534
"ME","White/red/jack pine|5.3.1","White/red/jack pine","5.3.1","young<40",0.4663,0.5337,0.1478,0.2611,0.5911,0.7827
"ME","Woodland hardwoods|5.3.1","Woodland hardwoods","5.3.1","young<40",0.2419,0.7581,0.0513,0.1649,0.7838,0.435
"ME","Aspen/birch|8.1.7","Aspen/birch","8.1.7","young<40",0.1449,0.8551,0.0219,0.1326,0.8455,0.2338
"ME","Elm/ash/cottonwood|8.1.7","Elm/ash/cottonwood","8.1.7","young<40",0.5124,0.4876,0.1707,0.2004,0.6289,0.5385
"ME","Maple/beech/birch|8.1.7","Maple/beech/birch","8.1.7","young<40",0.5779,0.4221,0.1928,0.2175,0.5896,0.2015
"ME","Oak/hickory|8.1.7","Oak/hickory","8.1.7","young<40",0.3984,0.6016,0.1352,0.3641,0.5007,0.0456
"ME","Oak/pine|8.1.7","Oak/pine","8.1.7","young<40",0.8704,0.1296,0.4239,0.0648,0.5113,0.9559
"ME","White/red/jack pine|8.1.7","White/red/jack pine","8.1.7","young<40",0.5883,0.4117,0.2292,0.2564,0.5144,0.6732
"ME","Aspen/birch|8.1.8","Aspen/birch","8.1.8","young<40",0.2327,0.7673,0.0379,0.1455,0.8166,0.2794
"ME","Elm/ash/cottonwood|8.1.8","Elm/ash/cottonwood","8.1.8","young<40",0.189,0.811,0.0369,0.2258,0.7373,0.2766
"ME","Exotic softwoods|8.1.8","Exotic softwoods","8.1.8","young<40",0.1816,0.8184,0.059,0.2603,0.6806,0.8487
"ME","Maple/beech/birch|8.1.8","Maple/beech/birch","8.1.8","young<40",0.2968,0.7032,0.059,0.1684,0.7726,0.238
"ME","Oak/hickory|8.1.8","Oak/hickory","8.1.8","young<40",0.1881,0.8119,0.0538,0.255,0.6913,0.0839
"ME","Oak/pine|8.1.8","Oak/pine","8.1.8","young<40",0.4091,0.5909,0.1001,0.1852,0.7147,0.453
"ME","Spruce/fir|8.1.8","Spruce/fir","8.1.8","young<40",0.3213,0.6787,0.0575,0.1413,0.8012,0.8212
"ME","White/red/jack pine|8.1.8","White/red/jack pine","8.1.8","young<40",0.3883,0.6117,0.1062,0.1929,0.7009,0.7561
"ME","Woodland hardwoods|8.1.8","Woodland hardwoods","8.1.8","young<40",0.394,0.606,0.1275,0.2119,0.6606,0.5386
"ME","Aspen/birch|5.3.1","Aspen/birch","5.3.1","mature40-80",0.3338,0.6662,0.1187,0.2812,0.6002,0.346
"ME","Elm/ash/cottonwood|5.3.1","Elm/ash/cottonwood","5.3.1","mature40-80",0.4417,0.5583,0.1448,0.2735,0.5818,0.3205
"ME","Loblolly/shortleaf pine|5.3.1","Loblolly/shortleaf pine","5.3.1","mature40-80",0.5031,0.4969,0.2439,0.2438,0.5123,0.8347
"ME","Maple/beech/birch|5.3.1","Maple/beech/birch","5.3.1","mature40-80",0.4297,0.5703,0.1795,0.279,0.5415,0.2283
"ME","Oak/hickory|5.3.1","Oak/hickory","5.3.1","mature40-80",0.5123,0.4877,0.2305,0.2699,0.4997,0.2241
"ME","Oak/pine|5.3.1","Oak/pine","5.3.1","mature40-80",0.6435,0.3565,0.2942,0.2125,0.4933,0.4529
"ME","Spruce/fir|5.3.1","Spruce/fir","5.3.1","mature40-80",0.4228,0.5772,0.1337,0.2349,0.6315,0.8231
"ME","White/red/jack pine|5.3.1","White/red/jack pine","5.3.1","mature40-80",0.7466,0.2534,0.3462,0.199,0.4548,0.7366
"ME","Woodland hardwoods|5.3.1","Woodland hardwoods","5.3.1","mature40-80",0.4526,0.5474,0.218,0.3148,0.4672,0.4928
"ME","Aspen/birch|8.1.7","Aspen/birch","8.1.7","mature40-80",0.2901,0.7099,0.1125,0.3076,0.5799,0.3401
"ME","Elm/ash/cottonwood|8.1.7","Elm/ash/cottonwood","8.1.7","mature40-80",0.303,0.697,0.1323,0.3311,0.5366,0.187
"ME","Maple/beech/birch|8.1.7","Maple/beech/birch","8.1.7","mature40-80",0.4425,0.5575,0.2059,0.2991,0.495,0.2356
"ME","Oak/hickory|8.1.7","Oak/hickory","8.1.7","mature40-80",0.4384,0.5616,0.205,0.2747,0.5203,0.1172
"ME","Oak/pine|8.1.7","Oak/pine","8.1.7","mature40-80",0.5934,0.4066,0.2848,0.2364,0.4788,0.4306
"ME","Spruce/fir|8.1.7","Spruce/fir","8.1.7","mature40-80",0.4881,0.5119,0.21,0.2712,0.5189,0.7393
"ME","White/red/jack pine|8.1.7","White/red/jack pine","8.1.7","mature40-80",0.6766,0.3234,0.313,0.2453,0.4417,0.7555
"ME","Aspen/birch|8.1.8","Aspen/birch","8.1.8","mature40-80",0.3133,0.6867,0.1017,0.277,0.6214,0.3208
"ME","Elm/ash/cottonwood|8.1.8","Elm/ash/cottonwood","8.1.8","mature40-80",0.3042,0.6958,0.1052,0.2567,0.6381,0.245
"ME","Exotic softwoods|8.1.8","Exotic softwoods","8.1.8","mature40-80",0.3552,0.6448,0.1713,0.3127,0.516,1
"ME","Loblolly/shortleaf pine|8.1.8","Loblolly/shortleaf pine","8.1.8","mature40-80",0.7336,0.2664,0,0.6798,0.3202,0.9887
"ME","Maple/beech/birch|8.1.8","Maple/beech/birch","8.1.8","mature40-80",0.3704,0.6296,0.1317,0.269,0.5994,0.2576
"ME","Oak/hickory|8.1.8","Oak/hickory","8.1.8","mature40-80",0.401,0.599,0.1643,0.2831,0.5526,0.1508
"ME","Oak/pine|8.1.8","Oak/pine","8.1.8","mature40-80",0.5522,0.4478,0.2427,0.2476,0.5096,0.4352
"ME","Spruce/fir|8.1.8","Spruce/fir","8.1.8","mature40-80",0.4271,0.5729,0.1349,0.2286,0.6365,0.7657
"ME","White/red/jack pine|8.1.8","White/red/jack pine","8.1.8","mature40-80",0.6154,0.3846,0.2719,0.237,0.491,0.7422
"ME","Woodland hardwoods|8.1.8","Woodland hardwoods","8.1.8","mature40-80",0.3068,0.6932,0.0668,0.1746,0.7587,0.3443
"ME","Aspen/birch|5.3.1","Aspen/birch","5.3.1","old80+",0.4557,0.5443,0.1968,0.2963,0.507,0.4146
"ME","Elm/ash/cottonwood|5.3.1","Elm/ash/cottonwood","5.3.1","old80+",0.5467,0.4533,0.2469,0.2142,0.539,0.2247
"ME","Maple/beech/birch|5.3.1","Maple/beech/birch","5.3.1","old80+",0.5434,0.4566,0.2545,0.2724,0.4731,0.2075
"ME","Oak/hickory|5.3.1","Oak/hickory","5.3.1","old80+",0.392,0.608,0.1959,0.3239,0.4802,0.3777
"ME","Oak/pine|5.3.1","Oak/pine","5.3.1","old80+",0.6879,0.3121,0.3282,0.177,0.4948,0.4948
"ME","Spruce/fir|5.3.1","Spruce/fir","5.3.1","old80+",0.6002,0.3998,0.2459,0.2119,0.5422,0.8298
"ME","White/red/jack pine|5.3.1","White/red/jack pine","5.3.1","old80+",0.7675,0.2325,0.4,0.1865,0.4134,0.7328
"ME","Woodland hardwoods|5.3.1","Woodland hardwoods","5.3.1","old80+",0,1,0,0.0222,0.9778,0.0115
"ME","Aspen/birch|8.1.7","Aspen/birch","8.1.7","old80+",0.3554,0.6446,0,0.5853,0.4147,0.2191
"ME","Elm/ash/cottonwood|8.1.7","Elm/ash/cottonwood","8.1.7","old80+",0.4004,0.5996,0.1722,0.2714,0.5565,0.2105
"ME","Maple/beech/birch|8.1.7","Maple/beech/birch","8.1.7","old80+",0.5094,0.4906,0.238,0.3227,0.4393,0.3384
"ME","Oak/hickory|8.1.7","Oak/hickory","8.1.7","old80+",0.5585,0.4415,0.3173,0.2378,0.4449,0.1008
"ME","Oak/pine|8.1.7","Oak/pine","8.1.7","old80+",0.6647,0.3353,0.3806,0.2134,0.4059,0.3887
"ME","White/red/jack pine|8.1.7","White/red/jack pine","8.1.7","old80+",0.6295,0.3705,0.2365,0.2846,0.4789,0.6242
"ME","Aspen/birch|8.1.8","Aspen/birch","8.1.8","old80+",0.4514,0.5486,0.1786,0.2666,0.5549,0.3302
"ME","Elm/ash/cottonwood|8.1.8","Elm/ash/cottonwood","8.1.8","old80+",0.3041,0.6959,0.0962,0.3095,0.5942,0.326
"ME","Maple/beech/birch|8.1.8","Maple/beech/birch","8.1.8","old80+",0.499,0.501,0.2067,0.2767,0.5165,0.2673
"ME","Oak/hickory|8.1.8","Oak/hickory","8.1.8","old80+",0.6232,0.3768,0.3092,0.1941,0.4968,0.1679
"ME","Oak/pine|8.1.8","Oak/pine","8.1.8","old80+",0.6201,0.3799,0.293,0.232,0.475,0.5145
"ME","Spruce/fir|8.1.8","Spruce/fir","8.1.8","old80+",0.5169,0.4831,0.1858,0.2362,0.578,0.801
"ME","White/red/jack pine|8.1.8","White/red/jack pine","8.1.8","old80+",0.7044,0.2956,0.3429,0.1907,0.4664,0.774
"ME","Woodland hardwoods|8.1.8","Woodland hardwoods","8.1.8","old80+",0.1441,0.8559,0.0257,0.1933,0.781,0.3753
"MN","Aspen/birch|0.0.0","Aspen/birch","0.0.0","young<40",0.1784,0.8216,0.0201,0.3487,0.6312,0.1152
"MN","Elm/ash/cottonwood|0.0.0","Elm/ash/cottonwood","0.0.0","young<40",0.2629,0.7371,0.0687,0.2109,0.7203,0.0237
"MN","Spruce/fir|0.0.0","Spruce/fir","0.0.0","young<40",0.5824,0.4176,0.1781,0.1594,0.6625,0.7507
"MN","Aspen/birch|5.2.1","Aspen/birch","5.2.1","young<40",0.2113,0.7887,0.0383,0.2605,0.7012,0.1065
"MN","Elm/ash/cottonwood|5.2.1","Elm/ash/cottonwood","5.2.1","young<40",0.2442,0.7558,0.0421,0.3089,0.649,0.1212
"MN","Exotic softwoods|5.2.1","Exotic softwoods","5.2.1","young<40",0.386,0.614,0.138,0.2761,0.5859,0.6585
"MN","Maple/beech/birch|5.2.1","Maple/beech/birch","5.2.1","young<40",0.2703,0.7297,0.0578,0.3081,0.6342,0.0815
"MN","Oak/hickory|5.2.1","Oak/hickory","5.2.1","young<40",0.3606,0.6394,0.1117,0.2971,0.5912,0.0571
"MN","Oak/pine|5.2.1","Oak/pine","5.2.1","young<40",0.5076,0.4924,0.1839,0.2027,0.6134,0.4547
"MN","Spruce/fir|5.2.1","Spruce/fir","5.2.1","young<40",0.2602,0.7398,0.0406,0.2438,0.7156,0.7944
"MN","White/red/jack pine|5.2.1","White/red/jack pine","5.2.1","young<40",0.3289,0.6711,0.0995,0.3378,0.5627,0.7958
"MN","Woodland hardwoods|5.2.1","Woodland hardwoods","5.2.1","young<40",0.3538,0.6462,0.0855,0.1696,0.7448,0.2205
"MN","Aspen/birch|5.2.2","Aspen/birch","5.2.2","young<40",0.189,0.811,0.0286,0.2373,0.7341,0.0987
"MN","Elm/ash/cottonwood|5.2.2","Elm/ash/cottonwood","5.2.2","young<40",0.2952,0.7048,0.0433,0.2503,0.7065,0.167
"MN","Maple/beech/birch|5.2.2","Maple/beech/birch","5.2.2","young<40",0.3504,0.6496,0.0421,0.4214,0.5365,0.0741
"MN","Oak/hickory|5.2.2","Oak/hickory","5.2.2","young<40",0.3657,0.6343,0.1195,0.194,0.6865,0.1723
"MN","Oak/pine|5.2.2","Oak/pine","5.2.2","young<40",0.4917,0.5083,0.1412,0.153,0.7058,0.5078
"MN","Spruce/fir|5.2.2","Spruce/fir","5.2.2","young<40",0.205,0.795,0.0227,0.2076,0.7697,0.854
"MN","White/red/jack pine|5.2.2","White/red/jack pine","5.2.2","young<40",0.3363,0.6637,0.115,0.3109,0.574,0.8653
"MN","Woodland hardwoods|5.2.2","Woodland hardwoods","5.2.2","young<40",0.5361,0.4639,0.1593,0.1501,0.6906,0.5784
"MN","Aspen/birch|8.1.4","Aspen/birch","8.1.4","young<40",0.1891,0.8109,0.0394,0.3224,0.6382,0.0532
"MN","Elm/ash/cottonwood|8.1.4","Elm/ash/cottonwood","8.1.4","young<40",0.3219,0.6781,0.0856,0.3255,0.5889,0.0319
"MN","Exotic softwoods|8.1.4","Exotic softwoods","8.1.4","young<40",0.3268,0.6732,0.0697,0.3564,0.5738,0.9628
"MN","Maple/beech/birch|8.1.4","Maple/beech/birch","8.1.4","young<40",0.261,0.739,0.0241,0.3789,0.597,0.0317
"MN","Oak/hickory|8.1.4","Oak/hickory","8.1.4","young<40",0.3643,0.6357,0.1201,0.3065,0.5735,0.0276
"MN","Oak/pine|8.1.4","Oak/pine","8.1.4","young<40",0.3393,0.6607,0.1144,0.2695,0.6161,0.321
"MN","Other eastern softwoods|8.1.4","Other eastern softwoods","8.1.4","young<40",0.179,0.821,0.0953,0.4554,0.4492,0.2868
"MN","Spruce/fir|8.1.4","Spruce/fir","8.1.4","young<40",0.1645,0.8355,0.032,0.3143,0.6537,0.7512
"MN","White/red/jack pine|8.1.4","White/red/jack pine","8.1.4","young<40",0.2548,0.7452,0.0753,0.3699,0.5549,0.8657
"MN","Woodland hardwoods|8.1.4","Woodland hardwoods","8.1.4","young<40",0.0725,0.9275,0.0264,0.3578,0.6158,0.0483
"MN","Aspen/birch|8.1.5","Aspen/birch","8.1.5","young<40",0.2536,0.7464,0.0184,0.4524,0.5292,0.0333
"MN","Elm/ash/cottonwood|8.1.5","Elm/ash/cottonwood","8.1.5","young<40",0.2723,0.7277,0.0519,0.3552,0.5928,0.0184
"MN","Exotic softwoods|8.1.5","Exotic softwoods","8.1.5","young<40",0.5641,0.4359,0.3068,0.2715,0.4217,0.7927
"MN","Maple/beech/birch|8.1.5","Maple/beech/birch","8.1.5","young<40",0.2646,0.7354,0.0383,0.417,0.5447,0.0019
"MN","Oak/hickory|8.1.5","Oak/hickory","8.1.5","young<40",0.2736,0.7264,0.0569,0.414,0.5291,0.0168
"MN","Oak/pine|8.1.5","Oak/pine","8.1.5","young<40",0.2619,0.7381,0.0869,0.3362,0.5769,0.4271
"MN","Other eastern softwoods|8.1.5","Other eastern softwoods","8.1.5","young<40",0.3281,0.6719,0.1349,0.2824,0.5826,0.3776
"MN","Spruce/fir|8.1.5","Spruce/fir","8.1.5","young<40",0.1829,0.8171,0.0542,0.228,0.7178,0.7392
"MN","White/red/jack pine|8.1.5","White/red/jack pine","8.1.5","young<40",0.3999,0.6001,0.1917,0.3668,0.4415,0.6711
"MN","Woodland hardwoods|8.1.5","Woodland hardwoods","8.1.5","young<40",0.5723,0.4277,0.0917,0.1119,0.7964,0.1111
"MN","Elm/ash/cottonwood|9.2.1","Elm/ash/cottonwood","9.2.1","young<40",0.3109,0.6891,0.1265,0.4173,0.4561,0
"MN","Maple/beech/birch|9.2.1","Maple/beech/birch","9.2.1","young<40",0.7077,0.2923,0,0.6399,0.3601,0
"MN","Oak/hickory|9.2.1","Oak/hickory","9.2.1","young<40",0.5852,0.4148,0.2673,0.2513,0.4814,0
"MN","Aspen/birch|9.2.2","Aspen/birch","9.2.2","young<40",0.0833,0.9167,0.0097,0.268,0.7223,0.0093
"MN","Elm/ash/cottonwood|9.2.2","Elm/ash/cottonwood","9.2.2","young<40",0.2172,0.7828,0.0055,0.3611,0.6334,0.0028
"MN","Maple/beech/birch|9.2.2","Maple/beech/birch","9.2.2","young<40",0.2244,0.7756,0,0.4657,0.5343,0
"MN","Oak/hickory|9.2.2","Oak/hickory","9.2.2","young<40",0.1876,0.8124,0.0499,0.3045,0.6456,0
"MN","Spruce/fir|9.2.2","Spruce/fir","9.2.2","young<40",0,1,0,0.3515,0.6485,0.9929
"MN","Woodland hardwoods|9.2.2","Woodland hardwoods","9.2.2","young<40",0.0125,0.9875,0.0038,0.2542,0.742,0.0418
"MN","Aspen/birch|9.2.3","Aspen/birch","9.2.3","young<40",0.2319,0.7681,0.0621,0.358,0.5799,0
"MN","Elm/ash/cottonwood|9.2.3","Elm/ash/cottonwood","9.2.3","young<40",0.2132,0.7868,0.0601,0.3199,0.62,0.0042
"MN","Maple/beech/birch|9.2.3","Maple/beech/birch","9.2.3","young<40",0.2717,0.7283,0.046,0.4313,0.5227,0.0106
"MN","Oak/hickory|9.2.3","Oak/hickory","9.2.3","young<40",0.3714,0.6286,0.1423,0.3155,0.5422,0.0019
"MN","Oak/pine|9.2.3","Oak/pine","9.2.3","young<40",0.2828,0.7172,0.0879,0.2695,0.6426,0.2954
"MN","Other eastern softwoods|9.2.3","Other eastern softwoods","9.2.3","young<40",0,1,0,0.1957,0.8043,0.3206
"MN","Spruce/fir|9.2.3","Spruce/fir","9.2.3","young<40",0.2778,0.7222,0.1212,0.3183,0.5606,0.9287
"MN","White/red/jack pine|9.2.3","White/red/jack pine","9.2.3","young<40",0.0692,0.9308,0,0.5452,0.4548,0.6634
"MN","Woodland hardwoods|9.2.3","Woodland hardwoods","9.2.3","young<40",0.035,0.965,0.0104,0.3252,0.6644,0.006
"MN","Aspen/birch|0.0.0","Aspen/birch","0.0.0","mature40-80",0.2856,0.7144,0.0735,0.4033,0.5232,0.1355
"MN","Maple/beech/birch|0.0.0","Maple/beech/birch","0.0.0","mature40-80",0.4338,0.5662,0.1875,0.2608,0.5517,0.0053
"MN","Spruce/fir|0.0.0","Spruce/fir","0.0.0","mature40-80",0.3057,0.6943,0.0558,0.3763,0.5679,0.5963
"MN","White/red/jack pine|0.0.0","White/red/jack pine","0.0.0","mature40-80",0.7097,0.2903,0.1735,0.2635,0.563,0.5978
"MN","Woodland hardwoods|0.0.0","Woodland hardwoods","0.0.0","mature40-80",0.0898,0.9102,0.0251,0.2179,0.757,0.1392
"MN","Aspen/birch|5.2.1","Aspen/birch","5.2.1","mature40-80",0.3347,0.6653,0.0871,0.4055,0.5074,0.1316
"MN","Elm/ash/cottonwood|5.2.1","Elm/ash/cottonwood","5.2.1","mature40-80",0.286,0.714,0.0765,0.3799,0.5437,0.1069
"MN","Maple/beech/birch|5.2.1","Maple/beech/birch","5.2.1","mature40-80",0.3481,0.6519,0.1029,0.3964,0.5007,0.0614
"MN","Oak/hickory|5.2.1","Oak/hickory","5.2.1","mature40-80",0.3873,0.6127,0.1385,0.3692,0.4923,0.0208
"MN","Oak/pine|5.2.1","Oak/pine","5.2.1","mature40-80",0.6098,0.3902,0.3005,0.2269,0.4726,0.4291
"MN","Spruce/fir|5.2.1","Spruce/fir","5.2.1","mature40-80",0.3012,0.6988,0.0641,0.3224,0.6135,0.8154
"MN","White/red/jack pine|5.2.1","White/red/jack pine","5.2.1","mature40-80",0.6191,0.3809,0.2327,0.3593,0.4079,0.7887
"MN","Woodland hardwoods|5.2.1","Woodland hardwoods","5.2.1","mature40-80",0.4234,0.5766,0.1751,0.2503,0.5746,0.388
"MN","Aspen/birch|5.2.2","Aspen/birch","5.2.2","mature40-80",0.3029,0.6971,0.0751,0.4021,0.5227,0.1496
"MN","Elm/ash/cottonwood|5.2.2","Elm/ash/cottonwood","5.2.2","mature40-80",0.2618,0.7382,0.063,0.3427,0.5943,0.1507
"MN","Maple/beech/birch|5.2.2","Maple/beech/birch","5.2.2","mature40-80",0.3699,0.6301,0.0518,0.4291,0.5192,0.0737
"MN","Oak/hickory|5.2.2","Oak/hickory","5.2.2","mature40-80",0.5468,0.4532,0.175,0.3352,0.4899,0.1112
"MN","Oak/pine|5.2.2","Oak/pine","5.2.2","mature40-80",0.6623,0.3377,0.3606,0.1891,0.4503,0.4597
"MN","Spruce/fir|5.2.2","Spruce/fir","5.2.2","mature40-80",0.2145,0.7855,0.0385,0.2678,0.6937,0.8937
"MN","White/red/jack pine|5.2.2","White/red/jack pine","5.2.2","mature40-80",0.5446,0.4554,0.1929,0.4146,0.3925,0.8466
"MN","Woodland hardwoods|5.2.2","Woodland hardwoods","5.2.2","mature40-80",0.3427,0.6573,0.1628,0.2986,0.5386,0.5249
"MN","Aspen/birch|8.1.4","Aspen/birch","8.1.4","mature40-80",0.324,0.676,0.0858,0.4134,0.5007,0.0359
"MN","Elm/ash/cottonwood|8.1.4","Elm/ash/cottonwood","8.1.4","mature40-80",0.4676,0.5324,0.1721,0.319,0.5089,0.0234
"MN","Maple/beech/birch|8.1.4","Maple/beech/birch","8.1.4","mature40-80",0.4092,0.5908,0.0918,0.4544,0.4538,0.0106
"MN","Oak/hickory|8.1.4","Oak/hickory","8.1.4","mature40-80",0.3861,0.6139,0.1332,0.3841,0.4827,0.0067
"MN","Oak/pine|8.1.4","Oak/pine","8.1.4","mature40-80",0.5741,0.4259,0.256,0.227,0.5169,0.3653
"MN","Other eastern softwoods|8.1.4","Other eastern softwoods","8.1.4","mature40-80",0.282,0.718,0.1318,0.3908,0.4774,0.8857
"MN","Spruce/fir|8.1.4","Spruce/fir","8.1.4","mature40-80",0.302,0.698,0.0529,0.4137,0.5334,0.8261
"MN","White/red/jack pine|8.1.4","White/red/jack pine","8.1.4","mature40-80",0.5464,0.4536,0.2389,0.3698,0.3912,0.8207
"MN","Woodland hardwoods|8.1.4","Woodland hardwoods","8.1.4","mature40-80",0.328,0.672,0.091,0.1986,0.7104,0.0102
"MN","Aspen/birch|8.1.5","Aspen/birch","8.1.5","mature40-80",0.351,0.649,0.0749,0.4328,0.4924,0.0137
"MN","Elm/ash/cottonwood|8.1.5","Elm/ash/cottonwood","8.1.5","mature40-80",0.5297,0.4703,0.1646,0.3372,0.4982,0.0048
"MN","Maple/beech/birch|8.1.5","Maple/beech/birch","8.1.5","mature40-80",0.4873,0.5127,0.1516,0.3996,0.4488,0.0042
"MN","Oak/hickory|8.1.5","Oak/hickory","8.1.5","mature40-80",0.4623,0.5377,0.131,0.387,0.482,0.0099
"MN","Oak/pine|8.1.5","Oak/pine","8.1.5","mature40-80",0.0774,0.9226,0.0253,0.346,0.6287,0.4629
"MN","Other eastern softwoods|8.1.5","Other eastern softwoods","8.1.5","mature40-80",0.3736,0.6264,0.1828,0.3119,0.5052,0.6734
"MN","White/red/jack pine|8.1.5","White/red/jack pine","8.1.5","mature40-80",0.739,0.261,0.4396,0.1518,0.4086,0.943
"MN","Woodland hardwoods|8.1.5","Woodland hardwoods","8.1.5","mature40-80",0.3711,0.6289,0.1114,0.1949,0.6937,0
"MN","Elm/ash/cottonwood|9.2.1","Elm/ash/cottonwood","9.2.1","mature40-80",0.4777,0.5223,0.1773,0.3432,0.4795,0
"MN","Maple/beech/birch|9.2.1","Maple/beech/birch","9.2.1","mature40-80",0.1478,0.8522,0.0643,0.3212,0.6145,0
"MN","Oak/hickory|9.2.1","Oak/hickory","9.2.1","mature40-80",0.8041,0.1959,0.2931,0.1002,0.6067,0
"MN","White/red/jack pine|9.2.1","White/red/jack pine","9.2.1","mature40-80",0.8329,0.1671,0.4018,0.2114,0.3868,0.9964
"MN","Aspen/birch|9.2.2","Aspen/birch","9.2.2","mature40-80",0.1924,0.8076,0.0498,0.3804,0.5698,0.0158
"MN","Elm/ash/cottonwood|9.2.2","Elm/ash/cottonwood","9.2.2","mature40-80",0.2671,0.7329,0.0429,0.4209,0.5363,0.0308
"MN","Maple/beech/birch|9.2.2","Maple/beech/birch","9.2.2","mature40-80",0.3953,0.6047,0.0295,0.5453,0.4252,0
"MN","Oak/hickory|9.2.2","Oak/hickory","9.2.2","mature40-80",0.317,0.683,0.0834,0.4023,0.5144,0
"MN","Spruce/fir|9.2.2","Spruce/fir","9.2.2","mature40-80",0.1794,0.8206,0.0212,0.1917,0.7872,1
"MN","Aspen/birch|9.2.3","Aspen/birch","9.2.3","mature40-80",0.1396,0.8604,0.0649,0.3766,0.5585,0
"MN","Elm/ash/cottonwood|9.2.3","Elm/ash/cottonwood","9.2.3","mature40-80",0.4778,0.5222,0.1606,0.3244,0.5149,0.0021
"MN","Maple/beech/birch|9.2.3","Maple/beech/birch","9.2.3","mature40-80",0.4903,0.5097,0.0915,0.4773,0.4312,0.0052
"MN","Oak/hickory|9.2.3","Oak/hickory","9.2.3","mature40-80",0.3918,0.6082,0.1194,0.382,0.4986,0.0564
"MN","Oak/pine|9.2.3","Oak/pine","9.2.3","mature40-80",0.3536,0.6464,0.1598,0.3127,0.5276,0.3994
"MN","Other eastern softwoods|9.2.3","Other eastern softwoods","9.2.3","mature40-80",0.1424,0.8576,0.0455,0.296,0.6585,0.7471
"MN","White/red/jack pine|9.2.3","White/red/jack pine","9.2.3","mature40-80",0.3674,0.6326,0.2044,0.3539,0.4417,0.8644
"MN","Woodland hardwoods|9.2.3","Woodland hardwoods","9.2.3","mature40-80",0.4705,0.5295,0.0797,0.1002,0.82,0
"MN","Aspen/birch|0.0.0","Aspen/birch","0.0.0","old80+",0.3777,0.6223,0.1777,0.3362,0.4861,0.1398
"MN","Maple/beech/birch|0.0.0","Maple/beech/birch","0.0.0","old80+",0.4526,0.5474,0.196,0.2647,0.5392,0.0156
"MN","Spruce/fir|0.0.0","Spruce/fir","0.0.0","old80+",0.7306,0.2694,0.2533,0.2621,0.4846,0.8007
"MN","White/red/jack pine|0.0.0","White/red/jack pine","0.0.0","old80+",0.4709,0.5291,0,0.6414,0.3586,0.6051
"MN","Woodland hardwoods|0.0.0","Woodland hardwoods","0.0.0","old80+",0.2184,0.7816,0.0922,0.2847,0.6231,0.2165
"MN","Aspen/birch|5.2.1","Aspen/birch","5.2.1","old80+",0.5044,0.4956,0.1793,0.3261,0.4946,0.2118
"MN","Elm/ash/cottonwood|5.2.1","Elm/ash/cottonwood","5.2.1","old80+",0.3388,0.6612,0.1198,0.3673,0.5129,0.1275
"MN","Maple/beech/birch|5.2.1","Maple/beech/birch","5.2.1","old80+",0.4586,0.5414,0.1669,0.3661,0.467,0.0559
"MN","Oak/hickory|5.2.1","Oak/hickory","5.2.1","old80+",0.5285,0.4715,0.24,0.285,0.475,0.0311
"MN","Oak/pine|5.2.1","Oak/pine","5.2.1","old80+",0.7048,0.2952,0.3724,0.1917,0.436,0.4428
"MN","Spruce/fir|5.2.1","Spruce/fir","5.2.1","old80+",0.3849,0.6151,0.0955,0.2972,0.6074,0.8541
"MN","White/red/jack pine|5.2.1","White/red/jack pine","5.2.1","old80+",0.7831,0.2169,0.378,0.2295,0.3925,0.7939
"MN","Woodland hardwoods|5.2.1","Woodland hardwoods","5.2.1","old80+",0.4623,0.5377,0.1611,0.2162,0.6226,0.3115
"MN","Aspen/birch|5.2.2","Aspen/birch","5.2.2","old80+",0.4377,0.5623,0.1252,0.3664,0.5084,0.2339
"MN","Elm/ash/cottonwood|5.2.2","Elm/ash/cottonwood","5.2.2","old80+",0.3859,0.6141,0.1385,0.3479,0.5136,0.1589
"MN","Maple/beech/birch|5.2.2","Maple/beech/birch","5.2.2","old80+",0.5154,0.4846,0.1379,0.4044,0.4576,0.052
"MN","Oak/hickory|5.2.2","Oak/hickory","5.2.2","old80+",0.6186,0.3814,0.2564,0.2645,0.4792,0
"MN","Oak/pine|5.2.2","Oak/pine","5.2.2","old80+",0.767,0.233,0.3528,0.1457,0.5016,0.4479
"MN","Spruce/fir|5.2.2","Spruce/fir","5.2.2","old80+",0.301,0.699,0.0659,0.2799,0.6542,0.9257
"MN","White/red/jack pine|5.2.2","White/red/jack pine","5.2.2","old80+",0.7812,0.2188,0.3991,0.2414,0.3595,0.831
"MN","Woodland hardwoods|5.2.2","Woodland hardwoods","5.2.2","old80+",0,1,0,0.1813,0.8187,0
"MN","Aspen/birch|8.1.4","Aspen/birch","8.1.4","old80+",0.4389,0.5611,0.1594,0.3759,0.4647,0.082
"MN","Elm/ash/cottonwood|8.1.4","Elm/ash/cottonwood","8.1.4","old80+",0.4899,0.5101,0.1858,0.3125,0.5017,0.0201
"MN","Maple/beech/birch|8.1.4","Maple/beech/birch","8.1.4","old80+",0.5591,0.4409,0.1895,0.3651,0.4453,0.0065
"MN","Oak/hickory|8.1.4","Oak/hickory","8.1.4","old80+",0.532,0.468,0.2118,0.3196,0.4686,0.0051
"MN","Oak/pine|8.1.4","Oak/pine","8.1.4","old80+",0.6088,0.3912,0.2275,0.1657,0.6068,0.4575
"MN","Other eastern softwoods|8.1.4","Other eastern softwoods","8.1.4","old80+",0.126,0.874,0.065,0.5074,0.4276,0.9051
"MN","Spruce/fir|8.1.4","Spruce/fir","8.1.4","old80+",0.4542,0.5458,0.1149,0.4311,0.454,0.6711
"MN","White/red/jack pine|8.1.4","White/red/jack pine","8.1.4","old80+",0.7623,0.2377,0.3564,0.2776,0.366,0.7186
"MN","Woodland hardwoods|8.1.4","Woodland hardwoods","8.1.4","old80+",0.3107,0.6893,0.0774,0.1993,0.7233,0.0292
"MN","Aspen/birch|8.1.5","Aspen/birch","8.1.5","old80+",0.3985,0.6015,0,0.3929,0.6071,0.2036
"MN","Elm/ash/cottonwood|8.1.5","Elm/ash/cottonwood","8.1.5","old80+",0.6731,0.3269,0.2545,0.2557,0.4898,0
"MN","Maple/beech/birch|8.1.5","Maple/beech/birch","8.1.5","old80+",0.6196,0.3804,0.2106,0.3331,0.4563,0.0138
"MN","Oak/hickory|8.1.5","Oak/hickory","8.1.5","old80+",0.522,0.478,0.1672,0.3663,0.4666,0.0051
"MN","Oak/pine|8.1.5","Oak/pine","8.1.5","old80+",0,1,0,0.2324,0.7676,0.3691
"MN","Other eastern softwoods|8.1.5","Other eastern softwoods","8.1.5","old80+",0.2106,0.7894,0.0532,0.1584,0.7884,0.5073
"MN","Elm/ash/cottonwood|9.2.1","Elm/ash/cottonwood","9.2.1","old80+",0.8312,0.1688,0.4803,0.1279,0.3918,0
"MN","Maple/beech/birch|9.2.1","Maple/beech/birch","9.2.1","old80+",0.5278,0.4722,0.11,0.5184,0.3716,0
"MN","Oak/hickory|9.2.1","Oak/hickory","9.2.1","old80+",0.2012,0.7988,0.0625,0.2744,0.663,0
"MN","White/red/jack pine|9.2.1","White/red/jack pine","9.2.1","old80+",0.7823,0.2177,0.4493,0.1932,0.3574,0.9698
"MN","Aspen/birch|9.2.2","Aspen/birch","9.2.2","old80+",0.2959,0.7041,0.0884,0.3194,0.5923,0.1913
"MN","Elm/ash/cottonwood|9.2.2","Elm/ash/cottonwood","9.2.2","old80+",0.3883,0.6117,0.0931,0.3971,0.5098,0.0015
"MN","Maple/beech/birch|9.2.2","Maple/beech/birch","9.2.2","old80+",0.4422,0.5578,0,0.5935,0.4065,0
"MN","Oak/hickory|9.2.2","Oak/hickory","9.2.2","old80+",0.5235,0.4765,0.2223,0.3188,0.459,0
"MN","Elm/ash/cottonwood|9.2.3","Elm/ash/cottonwood","9.2.3","old80+",0.6391,0.3609,0.2397,0.2556,0.5046,1e-04
"MN","Maple/beech/birch|9.2.3","Maple/beech/birch","9.2.3","old80+",0.5956,0.4044,0.0651,0.521,0.414,0.0044
"MN","Oak/hickory|9.2.3","Oak/hickory","9.2.3","old80+",0.6422,0.3578,0.2351,0.3172,0.4478,0.0058
"MN","Oak/pine|9.2.3","Oak/pine","9.2.3","old80+",0.1851,0.8149,0.0564,0.2733,0.6703,0.3917
"IN","Elm/ash/cottonwood|8.1.6","Elm/ash/cottonwood","8.1.6","young<40",0.4813,0.5187,0.1045,0.3841,0.5115,0.0172
"IN","Exotic softwoods|8.1.6","Exotic softwoods","8.1.6","young<40",0.1893,0.8107,0.0364,0.1806,0.783,0.7001
"IN","Loblolly/shortleaf pine|8.1.6","Loblolly/shortleaf pine","8.1.6","young<40",0.3303,0.6697,0.1501,0.3391,0.5108,0.5125
"IN","Maple/beech/birch|8.1.6","Maple/beech/birch","8.1.6","young<40",0.3238,0.6762,0.0603,0.3959,0.5438,0.0017
"IN","Oak/gum/cypress|8.1.6","Oak/gum/cypress","8.1.6","young<40",0.2193,0.7807,0,0.4874,0.5126,0
"IN","Oak/hickory|8.1.6","Oak/hickory","8.1.6","young<40",0.3834,0.6166,0.0766,0.4048,0.5186,0.005
"IN","Oak/pine|8.1.6","Oak/pine","8.1.6","young<40",0.1105,0.8895,0.0038,0.2258,0.7704,0.4003
"IN","White/red/jack pine|8.1.6","White/red/jack pine","8.1.6","young<40",0.5457,0.4543,0.1569,0.396,0.4472,0.7892
"IN","Woodland hardwoods|8.1.6","Woodland hardwoods","8.1.6","young<40",0.2043,0.7957,0.09,0.4326,0.4773,0.1712
"IN","Maple/beech/birch|8.2.2","Maple/beech/birch","8.2.2","young<40",0.1086,0.8914,0,0.4871,0.5129,0
"IN","Oak/hickory|8.2.2","Oak/hickory","8.2.2","young<40",0.404,0.596,0,0.638,0.362,0
"IN","Aspen/birch|8.2.3","Aspen/birch","8.2.3","young<40",0,1,0,0.3289,0.6711,0
"IN","Elm/ash/cottonwood|8.2.3","Elm/ash/cottonwood","8.2.3","young<40",0.177,0.823,0.0627,0.3895,0.5478,0
"IN","Maple/beech/birch|8.2.3","Maple/beech/birch","8.2.3","young<40",0.1793,0.8207,0,0.3834,0.6166,0.0125
"IN","Oak/hickory|8.2.3","Oak/hickory","8.2.3","young<40",0.2407,0.7593,0.0311,0.4054,0.5635,0.024
"IN","Oak/pine|8.2.3","Oak/pine","8.2.3","young<40",0.2098,0.7902,0,0.5689,0.4311,0.1404
"IN","White/red/jack pine|8.2.3","White/red/jack pine","8.2.3","young<40",0,1,0,0.2061,0.7939,0.2158
"IN","Woodland hardwoods|8.2.3","Woodland hardwoods","8.2.3","young<40",0,1,0,0.5756,0.4244,0
"IN","Aspen/birch|8.2.4","Aspen/birch","8.2.4","young<40",0.7031,0.2969,0.4852,0.208,0.3068,0.3462
"IN","Elm/ash/cottonwood|8.2.4","Elm/ash/cottonwood","8.2.4","young<40",0.4487,0.5513,0.116,0.3817,0.5023,0.0051
"IN","Exotic softwoods|8.2.4","Exotic softwoods","8.2.4","young<40",0,1,0,0.1733,0.8267,0.6514
"IN","Loblolly/shortleaf pine|8.2.4","Loblolly/shortleaf pine","8.2.4","young<40",0.4291,0.5709,0,0.5795,0.4205,0.6584
"IN","Maple/beech/birch|8.2.4","Maple/beech/birch","8.2.4","young<40",0.4464,0.5536,0.0143,0.4703,0.5154,0.0018
"IN","Oak/gum/cypress|8.2.4","Oak/gum/cypress","8.2.4","young<40",0.2603,0.7397,0.0887,0.3485,0.5628,0.0327
"IN","Oak/hickory|8.2.4","Oak/hickory","8.2.4","young<40",0.458,0.542,0.1735,0.3229,0.5036,0.0181
"IN","Oak/pine|8.2.4","Oak/pine","8.2.4","young<40",0.3543,0.6457,0.098,0.3836,0.5184,0.2787
"IN","Other eastern softwoods|8.2.4","Other eastern softwoods","8.2.4","young<40",0.1934,0.8066,0.0409,0.3713,0.5878,0.6231
"IN","White/red/jack pine|8.2.4","White/red/jack pine","8.2.4","young<40",0.5805,0.4195,0.2093,0.3777,0.413,0.615
"IN","Elm/ash/cottonwood|8.3.2","Elm/ash/cottonwood","8.3.2","young<40",0.4767,0.5233,0.1195,0.3908,0.4897,0.0203
"IN","Loblolly/shortleaf pine|8.3.2","Loblolly/shortleaf pine","8.3.2","young<40",0.3538,0.6462,0.0751,0.3101,0.6148,0.4581
"IN","Maple/beech/birch|8.3.2","Maple/beech/birch","8.3.2","young<40",0.4803,0.5197,0.0749,0.4103,0.5148,0.0276
"IN","Oak/gum/cypress|8.3.2","Oak/gum/cypress","8.3.2","young<40",0.3921,0.6079,0.1046,0.3038,0.5917,4e-04
"IN","Oak/hickory|8.3.2","Oak/hickory","8.3.2","young<40",0.502,0.498,0.1765,0.3103,0.5132,0.0044
"IN","Oak/pine|8.3.2","Oak/pine","8.3.2","young<40",0.4297,0.5703,0.0744,0.5276,0.398,0.3664
"IN","White/red/jack pine|8.3.2","White/red/jack pine","8.3.2","young<40",0.464,0.536,0,0.5639,0.4361,0.5764
"IN","Aspen/birch|8.3.3","Aspen/birch","8.3.3","young<40",NA,NA,0,0,1,0
"IN","Elm/ash/cottonwood|8.3.3","Elm/ash/cottonwood","8.3.3","young<40",0.5195,0.4805,0.0829,0.4063,0.5108,0.0256
"IN","Loblolly/shortleaf pine|8.3.3","Loblolly/shortleaf pine","8.3.3","young<40",0.4281,0.5719,0,0.4691,0.5309,0.592
"IN","Maple/beech/birch|8.3.3","Maple/beech/birch","8.3.3","young<40",0.4383,0.5617,0.0281,0.4783,0.4936,0.0259
"IN","Oak/gum/cypress|8.3.3","Oak/gum/cypress","8.3.3","young<40",0.6625,0.3375,0.2919,0.2081,0.4999,0.0109
"IN","Oak/hickory|8.3.3","Oak/hickory","8.3.3","young<40",0.5035,0.4965,0.1316,0.3509,0.5176,0.0276
"IN","Oak/pine|8.3.3","Oak/pine","8.3.3","young<40",0.4214,0.5786,0.0807,0.4014,0.5179,0.3213
"IN","Other eastern softwoods|8.3.3","Other eastern softwoods","8.3.3","young<40",0.2753,0.7247,0.0565,0.2709,0.6726,0.6613
"IN","White/red/jack pine|8.3.3","White/red/jack pine","8.3.3","young<40",0.5708,0.4292,0.0868,0.4078,0.5054,0.624
"IN","Woodland hardwoods|8.3.3","Woodland hardwoods","8.3.3","young<40",0.7077,0.2923,0.4504,0.1758,0.3738,0
"IN","Elm/ash/cottonwood|8.1.6","Elm/ash/cottonwood","8.1.6","mature40-80",0.6918,0.3082,0.3013,0.2526,0.446,0.0029
"IN","Maple/beech/birch|8.1.6","Maple/beech/birch","8.1.6","mature40-80",0.5703,0.4297,0.1204,0.4712,0.4083,7e-04
"IN","Oak/gum/cypress|8.1.6","Oak/gum/cypress","8.1.6","mature40-80",0.6417,0.3583,0.088,0.4755,0.4365,0
"IN","Oak/hickory|8.1.6","Oak/hickory","8.1.6","mature40-80",0.6584,0.3416,0.3189,0.2474,0.4336,0.0026
"IN","Oak/pine|8.1.6","Oak/pine","8.1.6","mature40-80",0.7601,0.2399,0.4309,0.1824,0.3867,0.255
"IN","White/red/jack pine|8.1.6","White/red/jack pine","8.1.6","mature40-80",0.7735,0.2265,0.5304,0.1578,0.3118,0.8016
"IN","Woodland hardwoods|8.1.6","Woodland hardwoods","8.1.6","mature40-80",0.3184,0.6816,0.144,0.3786,0.4774,0
"IN","Elm/ash/cottonwood|8.2.2","Elm/ash/cottonwood","8.2.2","mature40-80",0.2935,0.7065,0,0.4671,0.5329,0
"IN","Maple/beech/birch|8.2.2","Maple/beech/birch","8.2.2","mature40-80",0.4439,0.5561,0,0.5271,0.4729,0
"IN","Oak/hickory|8.2.2","Oak/hickory","8.2.2","mature40-80",0.5668,0.4332,0.2145,0.2576,0.5278,0
"IN","Elm/ash/cottonwood|8.2.3","Elm/ash/cottonwood","8.2.3","mature40-80",0.5282,0.4718,0.1492,0.4325,0.4184,0
"IN","Loblolly/shortleaf pine|8.2.3","Loblolly/shortleaf pine","8.2.3","mature40-80",0.3371,0.6629,0.1422,0.3246,0.5332,0.5515
"IN","Maple/beech/birch|8.2.3","Maple/beech/birch","8.2.3","mature40-80",0.4868,0.5132,0,0.5157,0.4843,0
"IN","Oak/gum/cypress|8.2.3","Oak/gum/cypress","8.2.3","mature40-80",0.7393,0.2607,0.0978,0.4662,0.436,0
"IN","Oak/hickory|8.2.3","Oak/hickory","8.2.3","mature40-80",0.4709,0.5291,0.1928,0.3394,0.4678,8e-04
"IN","Elm/ash/cottonwood|8.2.4","Elm/ash/cottonwood","8.2.4","mature40-80",0.661,0.339,0.2686,0.3037,0.4277,0.0084
"IN","Loblolly/shortleaf pine|8.2.4","Loblolly/shortleaf pine","8.2.4","mature40-80",0.6945,0.3055,0.075,0.5182,0.4069,0.5154
"IN","Maple/beech/birch|8.2.4","Maple/beech/birch","8.2.4","mature40-80",0.5965,0.4035,0.1234,0.4678,0.4088,0.0018
"IN","Oak/gum/cypress|8.2.4","Oak/gum/cypress","8.2.4","mature40-80",0.6265,0.3735,0.2402,0.3412,0.4186,0.002
"IN","Oak/hickory|8.2.4","Oak/hickory","8.2.4","mature40-80",0.644,0.356,0.295,0.2785,0.4266,0.009
"IN","Oak/pine|8.2.4","Oak/pine","8.2.4","mature40-80",0.5905,0.4095,0.2303,0.3096,0.46,0.2615
"IN","Other eastern softwoods|8.2.4","Other eastern softwoods","8.2.4","mature40-80",0.6072,0.3928,0.2272,0.1339,0.6389,0.5662
"IN","White/red/jack pine|8.2.4","White/red/jack pine","8.2.4","mature40-80",0.7755,0.2245,0.3862,0.24,0.3738,0.6601
"IN","Woodland hardwoods|8.2.4","Woodland hardwoods","8.2.4","mature40-80",0.5321,0.4679,0.2855,0.3186,0.3959,0
"IN","Elm/ash/cottonwood|8.3.2","Elm/ash/cottonwood","8.3.2","mature40-80",0.6428,0.3572,0.2342,0.3488,0.4171,0.0284
"IN","Loblolly/shortleaf pine|8.3.2","Loblolly/shortleaf pine","8.3.2","mature40-80",0.6269,0.3731,0.2403,0.4024,0.3573,0.5285
"IN","Maple/beech/birch|8.3.2","Maple/beech/birch","8.3.2","mature40-80",0.6161,0.3839,0.1077,0.4792,0.4131,0.0017
"IN","Oak/gum/cypress|8.3.2","Oak/gum/cypress","8.3.2","mature40-80",0.6672,0.3328,0.2398,0.3628,0.3974,0.012
"IN","Oak/hickory|8.3.2","Oak/hickory","8.3.2","mature40-80",0.6571,0.3429,0.2834,0.289,0.4276,0.0067
"IN","Oak/pine|8.3.2","Oak/pine","8.3.2","mature40-80",0.7874,0.2126,0.4879,0.1799,0.3322,0.3812
"IN","White/red/jack pine|8.3.2","White/red/jack pine","8.3.2","mature40-80",0.738,0.262,0.391,0.2529,0.3561,0.6565
"IN","Aspen/birch|8.3.3","Aspen/birch","8.3.3","mature40-80",0.6088,0.3912,0,0.6497,0.3503,0
"IN","Elm/ash/cottonwood|8.3.3","Elm/ash/cottonwood","8.3.3","mature40-80",0.6098,0.3902,0.1809,0.4089,0.4102,0.0057
"IN","Loblolly/shortleaf pine|8.3.3","Loblolly/shortleaf pine","8.3.3","mature40-80",0.7318,0.2682,0.3587,0.3079,0.3334,0.5661
"IN","Maple/beech/birch|8.3.3","Maple/beech/birch","8.3.3","mature40-80",0.6272,0.3728,0.1203,0.48,0.3997,0.0152
"IN","Oak/gum/cypress|8.3.3","Oak/gum/cypress","8.3.3","mature40-80",0.7722,0.2278,0.4564,0.1255,0.4181,0
"IN","Oak/hickory|8.3.3","Oak/hickory","8.3.3","mature40-80",0.6692,0.3308,0.2825,0.2984,0.4191,0.0195
"IN","Oak/pine|8.3.3","Oak/pine","8.3.3","mature40-80",0.6244,0.3756,0.2581,0.3225,0.4194,0.3388
"IN","Other eastern softwoods|8.3.3","Other eastern softwoods","8.3.3","mature40-80",0.3698,0.6302,0.1501,0.3877,0.4623,0.5427
"IN","White/red/jack pine|8.3.3","White/red/jack pine","8.3.3","mature40-80",0.4646,0.5354,0.2529,0.3955,0.3516,0.7187
"IN","Elm/ash/cottonwood|8.1.6","Elm/ash/cottonwood","8.1.6","old80+",0.5821,0.4179,0.1226,0.4961,0.3813,0
"IN","Maple/beech/birch|8.1.6","Maple/beech/birch","8.1.6","old80+",0.6137,0.3863,0,0.5993,0.4007,0
"IN","Oak/gum/cypress|8.1.6","Oak/gum/cypress","8.1.6","old80+",0.4548,0.5452,0,0.659,0.341,0
"IN","Oak/hickory|8.1.6","Oak/hickory","8.1.6","old80+",0.741,0.259,0.3389,0.2338,0.4272,0
"IN","Elm/ash/cottonwood|8.2.2","Elm/ash/cottonwood","8.2.2","old80+",0.6513,0.3487,0,0.6123,0.3877,0
"IN","Maple/beech/birch|8.2.2","Maple/beech/birch","8.2.2","old80+",0.6402,0.3598,0,0.6609,0.3391,0
"IN","Oak/hickory|8.2.2","Oak/hickory","8.2.2","old80+",0.5942,0.4058,0.1726,0.3046,0.5228,0
"IN","Oak/hickory|8.2.3","Oak/hickory","8.2.3","old80+",0.6785,0.3215,0.2885,0.2765,0.435,0
"IN","Elm/ash/cottonwood|8.2.4","Elm/ash/cottonwood","8.2.4","old80+",0.735,0.265,0.3361,0.226,0.4379,0
"IN","Maple/beech/birch|8.2.4","Maple/beech/birch","8.2.4","old80+",0.635,0.365,0.1672,0.4287,0.404,4e-04
"IN","Oak/gum/cypress|8.2.4","Oak/gum/cypress","8.2.4","old80+",0.7085,0.2915,0.2189,0.3729,0.4081,9e-04
"IN","Oak/hickory|8.2.4","Oak/hickory","8.2.4","old80+",0.754,0.246,0.3334,0.2417,0.4249,0.0032
"IN","Elm/ash/cottonwood|8.3.2","Elm/ash/cottonwood","8.3.2","old80+",0.8227,0.1773,0.3622,0.2189,0.4189,0.0153
"IN","Maple/beech/birch|8.3.2","Maple/beech/birch","8.3.2","old80+",0.7125,0.2875,0.2162,0.3566,0.4272,0
"IN","Oak/gum/cypress|8.3.2","Oak/gum/cypress","8.3.2","old80+",0.7657,0.2343,0.3178,0.295,0.3872,0
"IN","Oak/hickory|8.3.2","Oak/hickory","8.3.2","old80+",0.7563,0.2437,0.3352,0.2515,0.4133,0
"IN","White/red/jack pine|8.3.2","White/red/jack pine","8.3.2","old80+",0.6474,0.3526,0.4308,0.233,0.3362,0.632
"IN","Elm/ash/cottonwood|8.3.3","Elm/ash/cottonwood","8.3.3","old80+",0.7719,0.2281,0.4413,0.2045,0.3542,0.0068
"IN","Loblolly/shortleaf pine|8.3.3","Loblolly/shortleaf pine","8.3.3","old80+",0.7708,0.2292,0.4716,0.1782,0.3503,0.4687
"IN","Maple/beech/birch|8.3.3","Maple/beech/birch","8.3.3","old80+",0.689,0.311,0.208,0.3965,0.3955,0.0058
"IN","Oak/hickory|8.3.3","Oak/hickory","8.3.3","old80+",0.7484,0.2516,0.3495,0.2393,0.4112,0.0099
"IN","Oak/pine|8.3.3","Oak/pine","8.3.3","old80+",0.7347,0.2653,0.3375,0.234,0.4285,0.3476
"IN","White/red/jack pine|8.3.3","White/red/jack pine","8.3.3","old80+",0.6344,0.3656,0.4098,0.2805,0.3098,0.5802
"WA","Aspen/birch|10.1.2","Aspen/birch","10.1.2","young<40",0.1801,0.8199,0.0759,0.353,0.5711,0.2344
"WA","Douglas-fir|10.1.2","Douglas-fir","10.1.2","young<40",0.6505,0.3495,0.2308,0.1332,0.636,0.9944
"WA","Elm/ash/cottonwood|10.1.2","Elm/ash/cottonwood","10.1.2","young<40",0.2477,0.7523,0,0.603,0.397,0
"WA","Fir/spruce/mtn hemlock|10.1.2","Fir/spruce/mtn hemlock","10.1.2","young<40",0.6154,0.3846,0,0.3696,0.6304,0.8109
"WA","Ponderosa pine|10.1.2","Ponderosa pine","10.1.2","young<40",0.8248,0.1752,0.3557,0.1786,0.4657,1
"WA","Alder/maple|6.2.3","Alder/maple","6.2.3","young<40",0.6921,0.3079,0.2286,0.1161,0.6553,0.3521
"WA","Aspen/birch|6.2.3","Aspen/birch","6.2.3","young<40",0.5971,0.4029,0.2681,0.2568,0.475,0.577
"WA","Douglas-fir|6.2.3","Douglas-fir","6.2.3","young<40",0.7135,0.2865,0.2746,0.2126,0.5127,0.9577
"WA","Elm/ash/cottonwood|6.2.3","Elm/ash/cottonwood","6.2.3","young<40",0.7597,0.2403,0.5224,0.1744,0.3032,0.6897
"WA","Exotic hardwoods|6.2.3","Exotic hardwoods","6.2.3","young<40",0.7876,0.2124,0.3808,0.1026,0.5166,0.7705
"WA","Fir/spruce/mtn hemlock|6.2.3","Fir/spruce/mtn hemlock","6.2.3","young<40",0.6352,0.3648,0.2784,0.1687,0.5529,0.957
"WA","Hemlock/Sitka spruce|6.2.3","Hemlock/Sitka spruce","6.2.3","young<40",0.644,0.356,0.2886,0.1688,0.5426,0.8976
"WA","Lodgepole pine|6.2.3","Lodgepole pine","6.2.3","young<40",0.6166,0.3834,0.1722,0.1197,0.7081,0.9903
"WA","Ponderosa pine|6.2.3","Ponderosa pine","6.2.3","young<40",0.7602,0.2398,0.3444,0.1677,0.488,0.9939
"WA","Western larch|6.2.3","Western larch","6.2.3","young<40",0.6984,0.3016,0.3474,0.1465,0.5061,0.9307
"WA","Woodland hardwoods|6.2.3","Woodland hardwoods","6.2.3","young<40",0.8346,0.1654,0.367,0.1529,0.4801,0.7357
"WA","Alder/maple|6.2.5","Alder/maple","6.2.5","young<40",0.6877,0.3123,0.3508,0.2199,0.4294,0.5743
"WA","Aspen/birch|6.2.5","Aspen/birch","6.2.5","young<40",0.4583,0.5417,0.1007,0.248,0.6513,0.5313
"WA","Douglas-fir|6.2.5","Douglas-fir","6.2.5","young<40",0.6759,0.3241,0.358,0.1762,0.4658,0.9347
"WA","Elm/ash/cottonwood|6.2.5","Elm/ash/cottonwood","6.2.5","young<40",0.6845,0.3155,0.2534,0.1473,0.5993,0.2339
"WA","Exotic hardwoods|6.2.5","Exotic hardwoods","6.2.5","young<40",0.9724,0.0276,0.7044,0.0204,0.2752,0.9842
"WA","Fir/spruce/mtn hemlock|6.2.5","Fir/spruce/mtn hemlock","6.2.5","young<40",0.6184,0.3816,0.2685,0.1688,0.5627,0.9851
"WA","Hemlock/Sitka spruce|6.2.5","Hemlock/Sitka spruce","6.2.5","young<40",0.6721,0.3279,0.3394,0.1981,0.4625,0.9551
"WA","Lodgepole pine|6.2.5","Lodgepole pine","6.2.5","young<40",0.5699,0.4301,0.213,0.1548,0.6321,0.9981
"WA","Other western softwoods|6.2.5","Other western softwoods","6.2.5","young<40",0.7841,0.2159,0.1724,0.112,0.7156,1
"WA","Ponderosa pine|6.2.5","Ponderosa pine","6.2.5","young<40",0.6392,0.3608,0.2451,0.1834,0.5715,0.987
"WA","Western larch|6.2.5","Western larch","6.2.5","young<40",0.4,0.6,0.0575,0.1632,0.7793,1
"WA","Woodland hardwoods|6.2.5","Woodland hardwoods","6.2.5","young<40",0.7686,0.2314,0.2502,0.0818,0.668,0.8001
"WA","Alder/maple|6.2.7","Alder/maple","6.2.7","young<40",0.5906,0.4094,0.306,0.2426,0.4514,0.451
"WA","Douglas-fir|6.2.7","Douglas-fir","6.2.7","young<40",0.72,0.28,0.412,0.1844,0.4036,0.9411
"WA","Elm/ash/cottonwood|6.2.7","Elm/ash/cottonwood","6.2.7","young<40",0.661,0.339,0.377,0.2053,0.4177,0.3806
"WA","Fir/spruce/mtn hemlock|6.2.7","Fir/spruce/mtn hemlock","6.2.7","young<40",0.6287,0.3713,0.2779,0.1632,0.5589,0.9871
"WA","Hemlock/Sitka spruce|6.2.7","Hemlock/Sitka spruce","6.2.7","young<40",0.7758,0.2242,0.4551,0.1452,0.3998,0.9694
"WA","Lodgepole pine|6.2.7","Lodgepole pine","6.2.7","young<40",0.7354,0.2646,0.2745,0.0893,0.6363,1
"WA","Western larch|6.2.7","Western larch","6.2.7","young<40",0.5609,0.4391,0.3397,0.2269,0.4334,1
"WA","Western white pine|6.2.7","Western white pine","6.2.7","young<40",0,1,0,0.1132,0.8868,1
"WA","Woodland hardwoods|6.2.7","Woodland hardwoods","6.2.7","young<40",0.8228,0.1772,0.4286,0.0941,0.4773,0.7419
"WA","Alder/maple|6.2.8","Alder/maple","6.2.8","young<40",0.3934,0.6066,0.1443,0.3335,0.5222,0.2303
"WA","Aspen/birch|6.2.8","Aspen/birch","6.2.8","young<40",0.5642,0.4358,0.1547,0.0967,0.7486,0.6212
"WA","Douglas-fir|6.2.8","Douglas-fir","6.2.8","young<40",0.7891,0.2109,0.4418,0.1503,0.4079,0.985
"WA","Fir/spruce/mtn hemlock|6.2.8","Fir/spruce/mtn hemlock","6.2.8","young<40",0.6907,0.3093,0.2702,0.1512,0.5787,0.9385
"WA","Lodgepole pine|6.2.8","Lodgepole pine","6.2.8","young<40",0.7249,0.2751,0.308,0.1089,0.5831,1
"WA","Other western softwoods|6.2.8","Other western softwoods","6.2.8","young<40",NA,NA,0,0,1,1
"WA","Ponderosa pine|6.2.8","Ponderosa pine","6.2.8","young<40",0.8655,0.1345,0.4352,0.1637,0.4011,0.9526
"WA","Western larch|6.2.8","Western larch","6.2.8","young<40",0.7203,0.2797,0.3667,0.1528,0.4805,1
"WA","Western oak|6.2.8","Western oak","6.2.8","young<40",0.8235,0.1765,0.4601,0.1089,0.4311,0.5455
"WA","Woodland hardwoods|6.2.8","Woodland hardwoods","6.2.8","young<40",0.5455,0.4545,0.2082,0.1671,0.6246,0.7202
"WA","Douglas-fir|6.2.9","Douglas-fir","6.2.9","young<40",0.9169,0.0831,0.6314,0.0594,0.3092,1
"WA","Exotic hardwoods|6.2.9","Exotic hardwoods","6.2.9","young<40",0.3565,0.6435,0.1364,0.3001,0.5635,0.7626
"WA","Fir/spruce/mtn hemlock|6.2.9","Fir/spruce/mtn hemlock","6.2.9","young<40",0.7739,0.2261,0.2355,0.1372,0.6273,0.9669
"WA","Ponderosa pine|6.2.9","Ponderosa pine","6.2.9","young<40",0.7831,0.2169,0.481,0.1297,0.3893,1
"WA","Western larch|6.2.9","Western larch","6.2.9","young<40",NA,NA,0,0,1,1
"WA","Woodland hardwoods|6.2.9","Woodland hardwoods","6.2.9","young<40",0.9981,0.0019,0.6865,0.0013,0.3122,1
"WA","Alder/maple|7.1.7","Alder/maple","7.1.7","young<40",0.528,0.472,0.2456,0.2749,0.4794,0.3183
"WA","Aspen/birch|7.1.7","Aspen/birch","7.1.7","young<40",0.3643,0.6357,0.1159,0.2346,0.6496,0.1738
"WA","Douglas-fir|7.1.7","Douglas-fir","7.1.7","young<40",0.6604,0.3396,0.3483,0.2649,0.3869,0.8969
"WA","Elm/ash/cottonwood|7.1.7","Elm/ash/cottonwood","7.1.7","young<40",0.7221,0.2779,0.4545,0.1984,0.347,0.3876
"WA","Fir/spruce/mtn hemlock|7.1.7","Fir/spruce/mtn hemlock","7.1.7","young<40",0.3583,0.6417,0.1207,0.365,0.5144,1
"WA","Hemlock/Sitka spruce|7.1.7","Hemlock/Sitka spruce","7.1.7","young<40",0.5519,0.4481,0.2067,0.1671,0.6262,0.9104
"WA","Lodgepole pine|7.1.7","Lodgepole pine","7.1.7","young<40",0.5169,0.4831,0.1555,0.1446,0.6999,1
"WA","Woodland hardwoods|7.1.7","Woodland hardwoods","7.1.7","young<40",0.6379,0.3621,0.4228,0.2261,0.3511,0.7287
"WA","Alder/maple|7.1.8","Alder/maple","7.1.8","young<40",0.5438,0.4562,0.2626,0.2774,0.46,0.3818
"WA","Douglas-fir|7.1.8","Douglas-fir","7.1.8","young<40",0.6982,0.3018,0.396,0.2157,0.3883,0.9251
"WA","Elm/ash/cottonwood|7.1.8","Elm/ash/cottonwood","7.1.8","young<40",0,1,0,0.1619,0.8381,1
"WA","Exotic hardwoods|7.1.8","Exotic hardwoods","7.1.8","young<40",0.3887,0.6113,0.0998,0.1673,0.7329,0.9501
"WA","Fir/spruce/mtn hemlock|7.1.8","Fir/spruce/mtn hemlock","7.1.8","young<40",0.7007,0.2993,0,0.5728,0.4272,1
"WA","Hemlock/Sitka spruce|7.1.8","Hemlock/Sitka spruce","7.1.8","young<40",0.7393,0.2607,0.4093,0.2074,0.3833,0.9587
"WA","Lodgepole pine|7.1.8","Lodgepole pine","7.1.8","young<40",0.111,0.889,0.027,0.2255,0.7476,0.8801
"WA","Western white pine|7.1.8","Western white pine","7.1.8","young<40",0.9255,0.0745,0,0.7097,0.2903,1
"WA","Woodland hardwoods|7.1.8","Woodland hardwoods","7.1.8","young<40",0.5111,0.4889,0.2182,0.2255,0.5563,0.4823
"WA","Alder/maple|7.1.9","Alder/maple","7.1.9","young<40",0.4482,0.5518,0.1728,0.2824,0.5449,0.3396
"WA","Douglas-fir|7.1.9","Douglas-fir","7.1.9","young<40",0.8002,0.1998,0.5681,0.1367,0.2953,0.9513
"WA","Elm/ash/cottonwood|7.1.9","Elm/ash/cottonwood","7.1.9","young<40",0.4892,0.5108,0.1513,0.1554,0.6933,0.5085
"WA","Aspen/birch|10.1.2","Aspen/birch","10.1.2","mature40-80",0.4618,0.5382,0.1526,0.3302,0.5172,0.3431
"WA","Douglas-fir|10.1.2","Douglas-fir","10.1.2","mature40-80",0.7905,0.2095,0.3973,0.1987,0.404,0.9592
"WA","Elm/ash/cottonwood|10.1.2","Elm/ash/cottonwood","10.1.2","mature40-80",0.5241,0.4759,0.2727,0.2448,0.4825,0.2909
"WA","Fir/spruce/mtn hemlock|10.1.2","Fir/spruce/mtn hemlock","10.1.2","mature40-80",0.8265,0.1735,0.3998,0.1572,0.443,1
"WA","Ponderosa pine|10.1.2","Ponderosa pine","10.1.2","mature40-80",0.8358,0.1642,0.3048,0.2267,0.4685,0.992
"WA","Western oak|10.1.2","Western oak","10.1.2","mature40-80",0.5988,0.4012,0.2016,0.3099,0.4885,0.1716
"WA","Woodland hardwoods|10.1.2","Woodland hardwoods","10.1.2","mature40-80",0.8119,0.1881,0.3141,0.0696,0.6163,0.9143
"WA","Aspen/birch|6.2.3","Aspen/birch","6.2.3","mature40-80",0.6464,0.3536,0.3717,0.2501,0.3782,0.6327
"WA","Douglas-fir|6.2.3","Douglas-fir","6.2.3","mature40-80",0.7803,0.2197,0.4341,0.1923,0.3736,0.9778
"WA","Elm/ash/cottonwood|6.2.3","Elm/ash/cottonwood","6.2.3","mature40-80",0.82,0.18,0.4224,0.2078,0.3698,0.5355
"WA","Exotic hardwoods|6.2.3","Exotic hardwoods","6.2.3","mature40-80",0.8574,0.1426,0.4125,0.0661,0.5214,0.9272
"WA","Fir/spruce/mtn hemlock|6.2.3","Fir/spruce/mtn hemlock","6.2.3","mature40-80",0.6982,0.3018,0.3915,0.1818,0.4267,0.9796
"WA","Hemlock/Sitka spruce|6.2.3","Hemlock/Sitka spruce","6.2.3","mature40-80",0.6892,0.3108,0.4097,0.2073,0.3829,0.9847
"WA","Lodgepole pine|6.2.3","Lodgepole pine","6.2.3","mature40-80",0.485,0.515,0.268,0.3059,0.4261,0.9855
"WA","Ponderosa pine|6.2.3","Ponderosa pine","6.2.3","mature40-80",0.8609,0.1391,0.4231,0.1849,0.392,0.9837
"WA","Western larch|6.2.3","Western larch","6.2.3","mature40-80",0.6841,0.3159,0.4532,0.2114,0.3354,0.9714
"WA","Western white pine|6.2.3","Western white pine","6.2.3","mature40-80",0.8207,0.1793,0.5724,0.1147,0.3129,1
"WA","Woodland hardwoods|6.2.3","Woodland hardwoods","6.2.3","mature40-80",0.9509,0.0491,0.6404,0.0351,0.3245,1
"WA","Alder/maple|6.2.5","Alder/maple","6.2.5","mature40-80",0.7531,0.2469,0.4446,0.2117,0.3437,0.3564
"WA","Aspen/birch|6.2.5","Aspen/birch","6.2.5","mature40-80",0.7775,0.2225,0.2947,0.2681,0.4371,0.4221
"WA","Douglas-fir|6.2.5","Douglas-fir","6.2.5","mature40-80",0.8597,0.1403,0.5421,0.1352,0.3228,0.955
"WA","Elm/ash/cottonwood|6.2.5","Elm/ash/cottonwood","6.2.5","mature40-80",0.8853,0.1147,0.5866,0.0841,0.3293,0.5211
"WA","Fir/spruce/mtn hemlock|6.2.5","Fir/spruce/mtn hemlock","6.2.5","mature40-80",0.763,0.237,0.414,0.1376,0.4484,0.9978
"WA","Hemlock/Sitka spruce|6.2.5","Hemlock/Sitka spruce","6.2.5","mature40-80",0.8229,0.1771,0.5283,0.1634,0.3083,0.9679
"WA","Lodgepole pine|6.2.5","Lodgepole pine","6.2.5","mature40-80",0.3678,0.6322,0.1963,0.3288,0.4749,1
"WA","Other western softwoods|6.2.5","Other western softwoods","6.2.5","mature40-80",0.6412,0.3588,0.2556,0.1552,0.5892,1
"WA","Ponderosa pine|6.2.5","Ponderosa pine","6.2.5","mature40-80",0.8229,0.1771,0.4381,0.1171,0.4448,0.9858
"WA","Western larch|6.2.5","Western larch","6.2.5","mature40-80",0.4724,0.5276,0.1791,0.3136,0.5074,1
"WA","Woodland hardwoods|6.2.5","Woodland hardwoods","6.2.5","mature40-80",0.9416,0.0584,0.586,0.0337,0.3803,1
"WA","Alder/maple|6.2.7","Alder/maple","6.2.7","mature40-80",0.8253,0.1747,0.4325,0.2301,0.3374,0.4232
"WA","Aspen/birch|6.2.7","Aspen/birch","6.2.7","mature40-80",0.3829,0.6171,0,0.613,0.387,0
"WA","Douglas-fir|6.2.7","Douglas-fir","6.2.7","mature40-80",0.8806,0.1194,0.5711,0.1373,0.2915,0.9596
"WA","Elm/ash/cottonwood|6.2.7","Elm/ash/cottonwood","6.2.7","mature40-80",0.9391,0.0609,0.4697,0.2158,0.3145,0.0065
"WA","Fir/spruce/mtn hemlock|6.2.7","Fir/spruce/mtn hemlock","6.2.7","mature40-80",0.7829,0.2171,0.4519,0.125,0.4231,0.9983
"WA","Hemlock/Sitka spruce|6.2.7","Hemlock/Sitka spruce","6.2.7","mature40-80",0.8634,0.1366,0.5244,0.1905,0.2851,0.949
"WA","Lodgepole pine|6.2.7","Lodgepole pine","6.2.7","mature40-80",0.7539,0.2461,0.4167,0.1326,0.4507,0.949
"WA","Western larch|6.2.7","Western larch","6.2.7","mature40-80",0.6585,0.3415,0.4326,0.1902,0.3772,1
"WA","Woodland hardwoods|6.2.7","Woodland hardwoods","6.2.7","mature40-80",0.6277,0.3723,0.3245,0.2088,0.4667,0.5229
"WA","Alder/maple|6.2.8","Alder/maple","6.2.8","mature40-80",0.3739,0.6261,0.078,0.1861,0.736,0.1235
"WA","Aspen/birch|6.2.8","Aspen/birch","6.2.8","mature40-80",0.7545,0.2455,0.4181,0.1424,0.4395,0
"WA","Douglas-fir|6.2.8","Douglas-fir","6.2.8","mature40-80",0.8468,0.1532,0.4509,0.1765,0.3726,0.9662
"WA","Exotic hardwoods|6.2.8","Exotic hardwoods","6.2.8","mature40-80",0.9965,0.0035,0.7227,0.0026,0.2747,1
"WA","Fir/spruce/mtn hemlock|6.2.8","Fir/spruce/mtn hemlock","6.2.8","mature40-80",0.827,0.173,0.3835,0.1776,0.4389,0.9941
"WA","Hemlock/Sitka spruce|6.2.8","Hemlock/Sitka spruce","6.2.8","mature40-80",0.9645,0.0355,0.7124,0.0288,0.2589,0.9715
"WA","Lodgepole pine|6.2.8","Lodgepole pine","6.2.8","mature40-80",0.7643,0.2357,0.3671,0.1194,0.5135,0.9934
"WA","Ponderosa pine|6.2.8","Ponderosa pine","6.2.8","mature40-80",0.846,0.154,0.416,0.1428,0.4412,0.9571
"WA","Western larch|6.2.8","Western larch","6.2.8","mature40-80",0.7466,0.2534,0.4925,0.1457,0.3618,1
"WA","Western oak|6.2.8","Western oak","6.2.8","mature40-80",0.5737,0.4263,0.2127,0.2137,0.5737,0.3061
"WA","Douglas-fir|6.2.9","Douglas-fir","6.2.9","mature40-80",0.8401,0.1599,0.5193,0.0953,0.3854,0.992
"WA","Exotic hardwoods|6.2.9","Exotic hardwoods","6.2.9","mature40-80",NA,NA,0,0,1,0
"WA","Fir/spruce/mtn hemlock|6.2.9","Fir/spruce/mtn hemlock","6.2.9","mature40-80",0.7636,0.2364,0.4503,0.1377,0.412,1
"WA","Ponderosa pine|6.2.9","Ponderosa pine","6.2.9","mature40-80",0.9357,0.0643,0.5487,0.1025,0.3488,0.9984
"WA","Western larch|6.2.9","Western larch","6.2.9","mature40-80",0.7539,0.2461,0.4887,0.1698,0.3414,1
"WA","Woodland hardwoods|6.2.9","Woodland hardwoods","6.2.9","mature40-80",0.9084,0.0916,0.5178,0.0459,0.4363,0.9391
"WA","Alder/maple|7.1.7","Alder/maple","7.1.7","mature40-80",0.8338,0.1662,0.4144,0.2341,0.3515,0.3205
"WA","Aspen/birch|7.1.7","Aspen/birch","7.1.7","mature40-80",0.6853,0.3147,0.4303,0.2213,0.3485,0.4311
"WA","Douglas-fir|7.1.7","Douglas-fir","7.1.7","mature40-80",0.8911,0.1089,0.5167,0.2066,0.2767,0.9182
"WA","Elm/ash/cottonwood|7.1.7","Elm/ash/cottonwood","7.1.7","mature40-80",0.8869,0.1131,0.5885,0.0858,0.3257,0.2931
"WA","Fir/spruce/mtn hemlock|7.1.7","Fir/spruce/mtn hemlock","7.1.7","mature40-80",0.8769,0.1231,0.6232,0.0825,0.2943,0.8702
"WA","Hemlock/Sitka spruce|7.1.7","Hemlock/Sitka spruce","7.1.7","mature40-80",0.8706,0.1294,0.4513,0.2647,0.284,0.936
"WA","Western oak|7.1.7","Western oak","7.1.7","mature40-80",0.2576,0.7424,0,0.6411,0.3589,0.044
"WA","Alder/maple|7.1.8","Alder/maple","7.1.8","mature40-80",0.8209,0.1791,0.4528,0.2248,0.3224,0.3594
"WA","Douglas-fir|7.1.8","Douglas-fir","7.1.8","mature40-80",0.8974,0.1026,0.5433,0.1788,0.2779,0.9506
"WA","Elm/ash/cottonwood|7.1.8","Elm/ash/cottonwood","7.1.8","mature40-80",0.8156,0.1844,0.1274,0.4483,0.4243,0.1748
"WA","Fir/spruce/mtn hemlock|7.1.8","Fir/spruce/mtn hemlock","7.1.8","mature40-80",0.6249,0.3751,0.1257,0.0891,0.7852,1
"WA","Hemlock/Sitka spruce|7.1.8","Hemlock/Sitka spruce","7.1.8","mature40-80",0.8814,0.1186,0.5012,0.2192,0.2797,0.9527
"WA","Lodgepole pine|7.1.8","Lodgepole pine","7.1.8","mature40-80",0.7606,0.2394,0.5278,0.1587,0.3135,0.9961
"WA","Alder/maple|7.1.9","Alder/maple","7.1.9","mature40-80",0.6636,0.3364,0.4119,0.2166,0.3715,0.259
"WA","Douglas-fir|7.1.9","Douglas-fir","7.1.9","mature40-80",0.9296,0.0704,0.5051,0.2354,0.2594,0.9596
"WA","Woodland hardwoods|7.1.9","Woodland hardwoods","7.1.9","mature40-80",0.8678,0.1322,0.6369,0.0947,0.2684,0.4574
"WA","Aspen/birch|10.1.2","Aspen/birch","10.1.2","old80+",0.9254,0.0746,0.5239,0.039,0.437,0.4069
"WA","Douglas-fir|10.1.2","Douglas-fir","10.1.2","old80+",0.8408,0.1592,0.4671,0.1625,0.3704,0.9995
"WA","Ponderosa pine|10.1.2","Ponderosa pine","10.1.2","old80+",0.8879,0.1121,0.4486,0.1417,0.4097,0.9928
"WA","Western larch|10.1.2","Western larch","10.1.2","old80+",0.8914,0.1086,0.5998,0.0656,0.3346,1
"WA","Western oak|10.1.2","Western oak","10.1.2","old80+",0,1,0,0.2749,0.7251,0
"WA","Woodland hardwoods|10.1.2","Woodland hardwoods","10.1.2","old80+",0.7558,0.2442,0.3807,0.1318,0.4875,0.0753
"WA","Alder/maple|6.2.3","Alder/maple","6.2.3","old80+",0.7893,0.2107,0.1964,0.0548,0.7488,0.9151
"WA","Aspen/birch|6.2.3","Aspen/birch","6.2.3","old80+",0.6676,0.3324,0.355,0.2891,0.3559,0.6029
"WA","Douglas-fir|6.2.3","Douglas-fir","6.2.3","old80+",0.86,0.14,0.5283,0.1234,0.3483,0.992
"WA","Elm/ash/cottonwood|6.2.3","Elm/ash/cottonwood","6.2.3","old80+",0.8339,0.1661,0.4186,0.2415,0.34,0.498
"WA","Exotic hardwoods|6.2.3","Exotic hardwoods","6.2.3","old80+",0.6884,0.3116,0.3701,0.1426,0.4873,0.8708
"WA","Fir/spruce/mtn hemlock|6.2.3","Fir/spruce/mtn hemlock","6.2.3","old80+",0.8523,0.1477,0.541,0.0972,0.3619,0.993
"WA","Hemlock/Sitka spruce|6.2.3","Hemlock/Sitka spruce","6.2.3","old80+",0.8426,0.1574,0.5542,0.1247,0.321,0.9717
"WA","Lodgepole pine|6.2.3","Lodgepole pine","6.2.3","old80+",0.5459,0.4541,0.3495,0.283,0.3676,0.9932
"WA","Ponderosa pine|6.2.3","Ponderosa pine","6.2.3","old80+",0.9243,0.0757,0.5409,0.1137,0.3455,0.9972
"WA","Western larch|6.2.3","Western larch","6.2.3","old80+",0.8141,0.1859,0.5739,0.1497,0.2765,0.9769
"WA","Woodland hardwoods|6.2.3","Woodland hardwoods","6.2.3","old80+",0.8241,0.1759,0.48,0.1071,0.413,0.9505
"WA","Alder/maple|6.2.5","Alder/maple","6.2.5","old80+",0.8679,0.1321,0.5962,0.0951,0.3088,0.4978
"WA","Aspen/birch|6.2.5","Aspen/birch","6.2.5","old80+",0.8331,0.1669,0.4769,0.0937,0.4294,0.6534
"WA","Douglas-fir|6.2.5","Douglas-fir","6.2.5","old80+",0.9128,0.0872,0.6356,0.0675,0.2968,0.9868
"WA","Elm/ash/cottonwood|6.2.5","Elm/ash/cottonwood","6.2.5","old80+",0.9348,0.0652,0.6711,0.0507,0.2782,0.6043
"WA","Exotic hardwoods|6.2.5","Exotic hardwoods","6.2.5","old80+",0.775,0.225,0.289,0.0764,0.6346,0.6704
"WA","Fir/spruce/mtn hemlock|6.2.5","Fir/spruce/mtn hemlock","6.2.5","old80+",0.8951,0.1049,0.5753,0.0786,0.3461,0.9973
"WA","Hemlock/Sitka spruce|6.2.5","Hemlock/Sitka spruce","6.2.5","old80+",0.9473,0.0527,0.6737,0.053,0.2733,0.9908
"WA","Lodgepole pine|6.2.5","Lodgepole pine","6.2.5","old80+",0.5504,0.4496,0.331,0.2715,0.3975,0.9981
"WA","Other western softwoods|6.2.5","Other western softwoods","6.2.5","old80+",0.6924,0.3076,0.3209,0.1463,0.5329,1
"WA","Ponderosa pine|6.2.5","Ponderosa pine","6.2.5","old80+",0.9157,0.0843,0.5374,0.084,0.3786,0.9878
"WA","Western larch|6.2.5","Western larch","6.2.5","old80+",0.8871,0.1129,0.656,0.0813,0.2627,1
"WA","Western white pine|6.2.5","Western white pine","6.2.5","old80+",0.8775,0.1225,0.6092,0.0784,0.3124,1
"WA","Woodland hardwoods|6.2.5","Woodland hardwoods","6.2.5","old80+",0.8693,0.1307,0.3679,0.0559,0.5762,0.7494
"WA","Alder/maple|6.2.7","Alder/maple","6.2.7","old80+",0.7993,0.2007,0.4508,0.1186,0.4306,0.3451
"WA","Douglas-fir|6.2.7","Douglas-fir","6.2.7","old80+",0.9468,0.0532,0.6941,0.0548,0.2511,0.9888
"WA","Elm/ash/cottonwood|6.2.7","Elm/ash/cottonwood","6.2.7","old80+",0.9437,0.0563,0.6036,0.0411,0.3553,0.3396
"WA","Fir/spruce/mtn hemlock|6.2.7","Fir/spruce/mtn hemlock","6.2.7","old80+",0.9275,0.0725,0.6367,0.0602,0.3032,0.9988
"WA","Hemlock/Sitka spruce|6.2.7","Hemlock/Sitka spruce","6.2.7","old80+",0.955,0.045,0.6887,0.0489,0.2623,0.9928
"WA","Lodgepole pine|6.2.7","Lodgepole pine","6.2.7","old80+",0.7134,0.2866,0.3882,0.1493,0.4625,1
"WA","Other western softwoods|6.2.7","Other western softwoods","6.2.7","old80+",0.7594,0.2406,0.23,0.0796,0.6904,1
"WA","Ponderosa pine|6.2.7","Ponderosa pine","6.2.7","old80+",0.9306,0.0694,0.602,0.0484,0.3496,0.9983
"WA","Western larch|6.2.7","Western larch","6.2.7","old80+",0.8797,0.1203,0.6476,0.0806,0.2718,1
"WA","Douglas-fir|6.2.8","Douglas-fir","6.2.8","old80+",0.9121,0.0879,0.5725,0.1155,0.312,0.9806
"WA","Exotic hardwoods|6.2.8","Exotic hardwoods","6.2.8","old80+",0.7113,0.2887,0.4527,0.156,0.3913,1
"WA","Fir/spruce/mtn hemlock|6.2.8","Fir/spruce/mtn hemlock","6.2.8","old80+",0.8645,0.1355,0.4936,0.0984,0.4079,0.9998
"WA","Hemlock/Sitka spruce|6.2.8","Hemlock/Sitka spruce","6.2.8","old80+",0.9161,0.0839,0.6327,0.056,0.3113,1
"WA","Lodgepole pine|6.2.8","Lodgepole pine","6.2.8","old80+",0.7435,0.2565,0.295,0.2944,0.4105,0.9949
"WA","Ponderosa pine|6.2.8","Ponderosa pine","6.2.8","old80+",0.9352,0.0648,0.5175,0.1085,0.374,0.9836
"WA","Western larch|6.2.8","Western larch","6.2.8","old80+",0.8838,0.1162,0.6516,0.0759,0.2725,1
"WA","Western oak|6.2.8","Western oak","6.2.8","old80+",0.5051,0.4949,0.2056,0.3117,0.4827,0.2279
"WA","Woodland hardwoods|6.2.8","Woodland hardwoods","6.2.8","old80+",0.9257,0.0743,0.5446,0.0487,0.4068,1
"WA","Douglas-fir|6.2.9","Douglas-fir","6.2.9","old80+",0.9232,0.0768,0.5618,0.0842,0.3541,0.9984
"WA","Exotic hardwoods|6.2.9","Exotic hardwoods","6.2.9","old80+",0.9392,0.0608,0.4849,0.0298,0.4853,0.9271
"WA","Fir/spruce/mtn hemlock|6.2.9","Fir/spruce/mtn hemlock","6.2.9","old80+",0.9052,0.0948,0.5744,0.0633,0.3623,0.999
"WA","Lodgepole pine|6.2.9","Lodgepole pine","6.2.9","old80+",0.7166,0.2834,0.4842,0.1434,0.3724,1
"WA","Other western softwoods|6.2.9","Other western softwoods","6.2.9","old80+",0.9118,0.0882,0.5184,0.0565,0.4252,0.9975
"WA","Ponderosa pine|6.2.9","Ponderosa pine","6.2.9","old80+",0.8941,0.1059,0.5567,0.0807,0.3626,0.9989
"WA","Western larch|6.2.9","Western larch","6.2.9","old80+",0.8709,0.1291,0.3152,0.409,0.2758,1
"WA","Woodland hardwoods|6.2.9","Woodland hardwoods","6.2.9","old80+",0,1,0,0.058,0.942,0.2073
"WA","Alder/maple|7.1.7","Alder/maple","7.1.7","old80+",0.8975,0.1025,0.4579,0.2059,0.3362,0.4002
"WA","Aspen/birch|7.1.7","Aspen/birch","7.1.7","old80+",0.5283,0.4717,0.3148,0.2976,0.3875,0.2911
"WA","Douglas-fir|7.1.7","Douglas-fir","7.1.7","old80+",0.8921,0.1079,0.6146,0.1167,0.2687,0.9564
"WA","Elm/ash/cottonwood|7.1.7","Elm/ash/cottonwood","7.1.7","old80+",0.9687,0.0313,0.6623,0.023,0.3146,0
"WA","Hemlock/Sitka spruce|7.1.7","Hemlock/Sitka spruce","7.1.7","old80+",0.9323,0.0677,0.5718,0.1587,0.2695,0.898
"WA","Alder/maple|7.1.8","Alder/maple","7.1.8","old80+",0.861,0.139,0.5059,0.1526,0.3415,0.4476
"WA","Douglas-fir|7.1.8","Douglas-fir","7.1.8","old80+",0.9478,0.0522,0.6914,0.0595,0.2491,0.9805
"WA","Fir/spruce/mtn hemlock|7.1.8","Fir/spruce/mtn hemlock","7.1.8","old80+",0.9654,0.0346,0.6834,0.0521,0.2645,0.9986
"WA","Hemlock/Sitka spruce|7.1.8","Hemlock/Sitka spruce","7.1.8","old80+",0.9621,0.0379,0.6841,0.0669,0.2491,0.9829
"WA","Lodgepole pine|7.1.8","Lodgepole pine","7.1.8","old80+",0.8753,0.1247,0.1251,0.515,0.3599,0.9921
"WA","Alder/maple|7.1.9","Alder/maple","7.1.9","old80+",0.9009,0.0991,0.5973,0.0779,0.3248,0.3153
"WA","Douglas-fir|7.1.9","Douglas-fir","7.1.9","old80+",0.9087,0.0913,0.6564,0.0658,0.2778,0.8837
"GA","Elm/ash/cottonwood|8.3.4","Elm/ash/cottonwood","8.3.4","young<40",0.3981,0.6019,0.0926,0.3992,0.5083,0.0527
"GA","Loblolly/shortleaf pine|8.3.4","Loblolly/shortleaf pine","8.3.4","young<40",0.5174,0.4826,0.1585,0.3549,0.4865,0.7359
"GA","Longleaf/slash pine|8.3.4","Longleaf/slash pine","8.3.4","young<40",0.4515,0.5485,0.0675,0.4194,0.5132,0.777
"GA","Oak/gum/cypress|8.3.4","Oak/gum/cypress","8.3.4","young<40",0.4711,0.5289,0.1414,0.3608,0.4979,0.0823
"GA","Oak/hickory|8.3.4","Oak/hickory","8.3.4","young<40",0.44,0.56,0.1125,0.3389,0.5486,0.0865
"GA","Oak/pine|8.3.4","Oak/pine","8.3.4","young<40",0.4691,0.5309,0.1183,0.3266,0.5551,0.3184
"GA","Other eastern softwoods|8.3.4","Other eastern softwoods","8.3.4","young<40",0.1233,0.8767,0.043,0.3798,0.5772,0.5558
"GA","White/red/jack pine|8.3.4","White/red/jack pine","8.3.4","young<40",0.5866,0.4134,0,0.4285,0.5715,0.5458
"GA","Woodland hardwoods|8.3.4","Woodland hardwoods","8.3.4","young<40",0.605,0.395,0.2454,0.1631,0.5915,0.089
"GA","Elm/ash/cottonwood|8.3.5","Elm/ash/cottonwood","8.3.5","young<40",0.3713,0.6287,0.1031,0.3418,0.555,0.0751
"GA","Loblolly/shortleaf pine|8.3.5","Loblolly/shortleaf pine","8.3.5","young<40",0.4986,0.5014,0.1965,0.3087,0.4948,0.7743
"GA","Longleaf/slash pine|8.3.5","Longleaf/slash pine","8.3.5","young<40",0.4863,0.5137,0.1285,0.3983,0.4732,0.8514
"GA","Oak/gum/cypress|8.3.5","Oak/gum/cypress","8.3.5","young<40",0.377,0.623,0.0933,0.3269,0.5798,0.112
"GA","Oak/hickory|8.3.5","Oak/hickory","8.3.5","young<40",0.3958,0.6042,0.0529,0.3739,0.5733,0.1043
"GA","Oak/pine|8.3.5","Oak/pine","8.3.5","young<40",0.4895,0.5105,0.114,0.3136,0.5724,0.3805
"GA","Other eastern softwoods|8.3.5","Other eastern softwoods","8.3.5","young<40",0,1,0,0.2197,0.7803,0.7637
"GA","Woodland hardwoods|8.3.5","Woodland hardwoods","8.3.5","young<40",0.4228,0.5772,0.15,0.2211,0.6288,0.0909
"GA","Elm/ash/cottonwood|8.4.1","Elm/ash/cottonwood","8.4.1","young<40",0.3009,0.6991,0.0987,0.3669,0.5344,0.0146
"GA","Loblolly/shortleaf pine|8.4.1","Loblolly/shortleaf pine","8.4.1","young<40",0.4436,0.5564,0.1271,0.3433,0.5297,0.7505
"GA","Oak/gum/cypress|8.4.1","Oak/gum/cypress","8.4.1","young<40",0.2733,0.7267,0,0.4599,0.5401,0
"GA","Oak/hickory|8.4.1","Oak/hickory","8.4.1","young<40",0.3911,0.6089,0.0873,0.3278,0.5849,0.0943
"GA","Oak/pine|8.4.1","Oak/pine","8.4.1","young<40",0.4314,0.5686,0.1037,0.3031,0.5932,0.3038
"GA","Other eastern softwoods|8.4.1","Other eastern softwoods","8.4.1","young<40",0.169,0.831,0.0078,0.2785,0.7138,0.6759
"GA","Woodland hardwoods|8.4.1","Woodland hardwoods","8.4.1","young<40",0.5223,0.4777,0.2224,0.1976,0.5801,0.0268
"GA","Elm/ash/cottonwood|8.4.4","Elm/ash/cottonwood","8.4.4","young<40",0.305,0.695,0.0795,0.4034,0.5171,0.0137
"GA","Loblolly/shortleaf pine|8.4.4","Loblolly/shortleaf pine","8.4.4","young<40",0.4934,0.5066,0.1622,0.3296,0.5083,0.677
"GA","Oak/gum/cypress|8.4.4","Oak/gum/cypress","8.4.4","young<40",0,1,0,0.621,0.379,0
"GA","Oak/hickory|8.4.4","Oak/hickory","8.4.4","young<40",0.4411,0.5589,0.0649,0.3689,0.5661,0.1029
"GA","Oak/pine|8.4.4","Oak/pine","8.4.4","young<40",0.4744,0.5256,0.1169,0.3044,0.5787,0.3554
"GA","White/red/jack pine|8.4.4","White/red/jack pine","8.4.4","young<40",0.6197,0.3803,0.2725,0.2409,0.4866,0.6376
"GA","Elm/ash/cottonwood|8.4.9","Elm/ash/cottonwood","8.4.9","young<40",0.4672,0.5328,0.1165,0.4481,0.4353,0.0653
"GA","Loblolly/shortleaf pine|8.4.9","Loblolly/shortleaf pine","8.4.9","young<40",0.2662,0.7338,0.0825,0.3517,0.5659,0.5228
"GA","Oak/hickory|8.4.9","Oak/hickory","8.4.9","young<40",0.3973,0.6027,0.073,0.3274,0.5996,0.0526
"GA","Oak/pine|8.4.9","Oak/pine","8.4.9","young<40",0.2345,0.7655,0.0131,0.3132,0.6737,0.2421
"GA","Woodland hardwoods|8.4.9","Woodland hardwoods","8.4.9","young<40",0.3982,0.6018,0.0361,0.0576,0.9063,0.1816
"GA","Oak/gum/cypress|8.5.1","Oak/gum/cypress","8.5.1","young<40",0.5826,0.4174,0.2693,0.1779,0.5528,0
"GA","Elm/ash/cottonwood|8.5.3","Elm/ash/cottonwood","8.5.3","young<40",0.1753,0.8247,0.0253,0.3274,0.6473,0.0548
"GA","Loblolly/shortleaf pine|8.5.3","Loblolly/shortleaf pine","8.5.3","young<40",0.5096,0.4904,0.2053,0.3186,0.4761,0.8128
"GA","Longleaf/slash pine|8.5.3","Longleaf/slash pine","8.5.3","young<40",0.353,0.647,0.0965,0.3934,0.5101,0.9016
"GA","Oak/gum/cypress|8.5.3","Oak/gum/cypress","8.5.3","young<40",0.3352,0.6648,0.0672,0.2997,0.6331,0.201
"GA","Oak/hickory|8.5.3","Oak/hickory","8.5.3","young<40",0.321,0.679,0.01,0.4135,0.5765,0.1201
"GA","Oak/pine|8.5.3","Oak/pine","8.5.3","young<40",0.4458,0.5542,0.1051,0.2919,0.6031,0.4807
"GA","Woodland hardwoods|8.5.3","Woodland hardwoods","8.5.3","young<40",0.6054,0.3946,0.279,0.1972,0.5238,0.0051
"GA","Elm/ash/cottonwood|8.3.4","Elm/ash/cottonwood","8.3.4","mature40-80",0.6231,0.3769,0.2168,0.3815,0.4017,0.0277
"GA","Loblolly/shortleaf pine|8.3.4","Loblolly/shortleaf pine","8.3.4","mature40-80",0.7376,0.2624,0.3099,0.3106,0.3796,0.6736
"GA","Longleaf/slash pine|8.3.4","Longleaf/slash pine","8.3.4","mature40-80",0.7983,0.2017,0,0.6401,0.3599,0.8476
"GA","Oak/gum/cypress|8.3.4","Oak/gum/cypress","8.3.4","mature40-80",0.6491,0.3509,0.3029,0.2849,0.4122,0.0596
"GA","Oak/hickory|8.3.4","Oak/hickory","8.3.4","mature40-80",0.5881,0.4119,0.2175,0.3318,0.4507,0.0663
"GA","Oak/pine|8.3.4","Oak/pine","8.3.4","mature40-80",0.6298,0.3702,0.2569,0.3136,0.4295,0.3297
"GA","Other eastern softwoods|8.3.4","Other eastern softwoods","8.3.4","mature40-80",0.1257,0.8743,0.0467,0.3466,0.6067,0.8025
"GA","White/red/jack pine|8.3.4","White/red/jack pine","8.3.4","mature40-80",0.609,0.391,0.1957,0.3732,0.4311,0.424
"GA","Woodland hardwoods|8.3.4","Woodland hardwoods","8.3.4","mature40-80",0.6065,0.3935,0.3216,0.2164,0.462,0.066
"GA","Elm/ash/cottonwood|8.3.5","Elm/ash/cottonwood","8.3.5","mature40-80",0.6087,0.3913,0.1381,0.4482,0.4137,0.0375
"GA","Loblolly/shortleaf pine|8.3.5","Loblolly/shortleaf pine","8.3.5","mature40-80",0.772,0.228,0.3358,0.3044,0.3598,0.7175
"GA","Longleaf/slash pine|8.3.5","Longleaf/slash pine","8.3.5","mature40-80",0.7671,0.2329,0.2857,0.3494,0.365,0.8092
"GA","Oak/gum/cypress|8.3.5","Oak/gum/cypress","8.3.5","mature40-80",0.5438,0.4562,0.1804,0.3807,0.4388,0.1053
"GA","Oak/hickory|8.3.5","Oak/hickory","8.3.5","mature40-80",0.5761,0.4239,0.1414,0.4086,0.4501,0.0758
"GA","Oak/pine|8.3.5","Oak/pine","8.3.5","mature40-80",0.6446,0.3554,0.2303,0.3279,0.4418,0.382
"GA","Woodland hardwoods|8.3.5","Woodland hardwoods","8.3.5","mature40-80",0.5968,0.4032,0.3146,0.2144,0.471,0.04
"GA","Elm/ash/cottonwood|8.4.1","Elm/ash/cottonwood","8.4.1","mature40-80",0.4965,0.5035,0.2092,0.3275,0.4633,0
"GA","Loblolly/shortleaf pine|8.4.1","Loblolly/shortleaf pine","8.4.1","mature40-80",0.6875,0.3125,0.2993,0.3034,0.3973,0.6274
"GA","Longleaf/slash pine|8.4.1","Longleaf/slash pine","8.4.1","mature40-80",0.7442,0.2558,0,0.5483,0.4517,0.5424
"GA","Oak/gum/cypress|8.4.1","Oak/gum/cypress","8.4.1","mature40-80",0.5138,0.4862,0.0602,0.5784,0.3614,0.1517
"GA","Oak/hickory|8.4.1","Oak/hickory","8.4.1","mature40-80",0.5392,0.4608,0.2232,0.3067,0.4701,0.0615
"GA","Oak/pine|8.4.1","Oak/pine","8.4.1","mature40-80",0.5609,0.4391,0.2451,0.2914,0.4634,0.3326
"GA","Other eastern softwoods|8.4.1","Other eastern softwoods","8.4.1","mature40-80",0.0741,0.9259,0.0258,0.3094,0.6648,0.5891
"GA","Woodland hardwoods|8.4.1","Woodland hardwoods","8.4.1","mature40-80",0.4946,0.5054,0.2562,0.2611,0.4827,0.1365
"GA","Elm/ash/cottonwood|8.4.4","Elm/ash/cottonwood","8.4.4","mature40-80",0.1374,0.8626,0.0787,0.4457,0.4756,0
"GA","Loblolly/shortleaf pine|8.4.4","Loblolly/shortleaf pine","8.4.4","mature40-80",0.6649,0.3351,0.2912,0.3027,0.4061,0.6042
"GA","Maple/beech/birch|8.4.4","Maple/beech/birch","8.4.4","mature40-80",0.7554,0.2446,0.3627,0.1156,0.5217,0.063
"GA","Oak/gum/cypress|8.4.4","Oak/gum/cypress","8.4.4","mature40-80",0.7015,0.2985,0.3981,0.1761,0.4257,0.2026
"GA","Oak/hickory|8.4.4","Oak/hickory","8.4.4","mature40-80",0.57,0.43,0.22,0.3201,0.4599,0.0574
"GA","Oak/pine|8.4.4","Oak/pine","8.4.4","mature40-80",0.611,0.389,0.2661,0.2861,0.4477,0.3435
"GA","White/red/jack pine|8.4.4","White/red/jack pine","8.4.4","mature40-80",0.775,0.225,0.3104,0.2911,0.3985,0.6178
"GA","Woodland hardwoods|8.4.4","Woodland hardwoods","8.4.4","mature40-80",0.597,0.403,0.34,0.2318,0.4282,0.1272
"GA","Loblolly/shortleaf pine|8.4.9","Loblolly/shortleaf pine","8.4.9","mature40-80",0.53,0.47,0.2711,0.3208,0.4081,0.4703
"GA","Oak/hickory|8.4.9","Oak/hickory","8.4.9","mature40-80",0.5205,0.4795,0.2377,0.3011,0.4612,0.0524
"GA","Oak/pine|8.4.9","Oak/pine","8.4.9","mature40-80",0.5039,0.4961,0.2422,0.3178,0.44,0.2977
"GA","Woodland hardwoods|8.4.9","Woodland hardwoods","8.4.9","mature40-80",0.6429,0.3571,0.3472,0.1896,0.4631,0
"GA","Oak/gum/cypress|8.5.1","Oak/gum/cypress","8.5.1","mature40-80",0.6024,0.3976,0.1467,0.4499,0.4033,0
"GA","Oak/hickory|8.5.1","Oak/hickory","8.5.1","mature40-80",0.6812,0.3188,0,0.6454,0.3546,0
"GA","Elm/ash/cottonwood|8.5.3","Elm/ash/cottonwood","8.5.3","mature40-80",0.6325,0.3675,0.0026,0.5854,0.412,0.0593
"GA","Loblolly/shortleaf pine|8.5.3","Loblolly/shortleaf pine","8.5.3","mature40-80",0.7693,0.2307,0.2998,0.3358,0.3644,0.695
"GA","Longleaf/slash pine|8.5.3","Longleaf/slash pine","8.5.3","mature40-80",0.7168,0.2832,0.2908,0.3298,0.3794,0.8591
"GA","Oak/gum/cypress|8.5.3","Oak/gum/cypress","8.5.3","mature40-80",0.4627,0.5373,0.1366,0.3872,0.4762,0.1656
"GA","Oak/hickory|8.5.3","Oak/hickory","8.5.3","mature40-80",0.5965,0.4035,0.0351,0.5468,0.4182,0.0777
"GA","Oak/pine|8.5.3","Oak/pine","8.5.3","mature40-80",0.5866,0.4134,0.1714,0.3575,0.4711,0.4636
"GA","Woodland hardwoods|8.5.3","Woodland hardwoods","8.5.3","mature40-80",0.5451,0.4549,0.2383,0.1771,0.5846,0
"GA","Elm/ash/cottonwood|8.3.4","Elm/ash/cottonwood","8.3.4","old80+",0.6146,0.3854,0.1749,0.4088,0.4163,0.0198
"GA","Loblolly/shortleaf pine|8.3.4","Loblolly/shortleaf pine","8.3.4","old80+",0.709,0.291,0.292,0.3037,0.4044,0.6491
"GA","Longleaf/slash pine|8.3.4","Longleaf/slash pine","8.3.4","old80+",0.5238,0.4762,0,0.1893,0.8107,1
"GA","Oak/gum/cypress|8.3.4","Oak/gum/cypress","8.3.4","old80+",0.63,0.37,0.2814,0.3263,0.3923,0.0311
"GA","Oak/hickory|8.3.4","Oak/hickory","8.3.4","old80+",0.6749,0.3251,0.3082,0.2442,0.4476,0.0457
"GA","Oak/pine|8.3.4","Oak/pine","8.3.4","old80+",0.6406,0.3594,0.2423,0.3138,0.4438,0.3393
"GA","Woodland hardwoods|8.3.4","Woodland hardwoods","8.3.4","old80+",0.8073,0.1927,0.461,0.1259,0.4131,0.0148
"GA","Elm/ash/cottonwood|8.3.5","Elm/ash/cottonwood","8.3.5","old80+",0.5531,0.4469,0.0724,0.5037,0.4239,0.0282
"GA","Loblolly/shortleaf pine|8.3.5","Loblolly/shortleaf pine","8.3.5","old80+",0.7223,0.2777,0.1435,0.4446,0.4119,0.7295
"GA","Longleaf/slash pine|8.3.5","Longleaf/slash pine","8.3.5","old80+",0.7285,0.2715,0.163,0.4323,0.4046,0.823
"GA","Oak/gum/cypress|8.3.5","Oak/gum/cypress","8.3.5","old80+",0.6062,0.3938,0.2141,0.3683,0.4176,0.1937
"GA","Oak/hickory|8.3.5","Oak/hickory","8.3.5","old80+",0.5477,0.4523,0.1045,0.4187,0.4767,0.0888
"GA","Oak/pine|8.3.5","Oak/pine","8.3.5","old80+",0.6196,0.3804,0.1229,0.4249,0.4522,0.4002
"GA","Other eastern softwoods|8.3.5","Other eastern softwoods","8.3.5","old80+",0.3641,0.6359,0,0.4871,0.5129,0.5468
"GA","Woodland hardwoods|8.3.5","Woodland hardwoods","8.3.5","old80+",0.7951,0.2049,0.3677,0.083,0.5492,0
"GA","Elm/ash/cottonwood|8.4.1","Elm/ash/cottonwood","8.4.1","old80+",0.4843,0.5157,0,0.4035,0.5965,0.0848
"GA","Loblolly/shortleaf pine|8.4.1","Loblolly/shortleaf pine","8.4.1","old80+",0.6765,0.3235,0.1423,0.412,0.4457,0.6383
"GA","Longleaf/slash pine|8.4.1","Longleaf/slash pine","8.4.1","old80+",0.6882,0.3118,0,0.5951,0.4049,0.6739
"GA","Oak/hickory|8.4.1","Oak/hickory","8.4.1","old80+",0.6738,0.3262,0.3268,0.2229,0.4503,0.0474
"GA","Oak/pine|8.4.1","Oak/pine","8.4.1","old80+",0.6656,0.3344,0.3365,0.2276,0.4359,0.3066
"GA","Woodland hardwoods|8.4.1","Woodland hardwoods","8.4.1","old80+",0.7935,0.2065,0.4572,0.1256,0.4172,0
"GA","Loblolly/shortleaf pine|8.4.4","Loblolly/shortleaf pine","8.4.4","old80+",0.733,0.267,0.3261,0.2678,0.4061,0.6122
"GA","Oak/hickory|8.4.4","Oak/hickory","8.4.4","old80+",0.6485,0.3515,0.3198,0.2357,0.4445,0.0394
"GA","Oak/pine|8.4.4","Oak/pine","8.4.4","old80+",0.7017,0.2983,0.3497,0.2136,0.4368,0.3594
"GA","White/red/jack pine|8.4.4","White/red/jack pine","8.4.4","old80+",0.8133,0.1867,0.4727,0.1544,0.3728,0.6008
"GA","Woodland hardwoods|8.4.4","Woodland hardwoods","8.4.4","old80+",0.6369,0.3631,0.3542,0.2181,0.4278,0.0938
"GA","Oak/hickory|8.4.9","Oak/hickory","8.4.9","old80+",0.6745,0.3255,0.3058,0.2584,0.4358,0.0039
"GA","Oak/pine|8.4.9","Oak/pine","8.4.9","old80+",0.5366,0.4634,0.1459,0.4746,0.3795,0.3965
"GA","Elm/ash/cottonwood|8.5.3","Elm/ash/cottonwood","8.5.3","old80+",0.6156,0.3844,0,0.6151,0.3849,0.0365
"GA","Loblolly/shortleaf pine|8.5.3","Loblolly/shortleaf pine","8.5.3","old80+",0.7176,0.2824,0.1364,0.4808,0.3827,0.8379
"GA","Longleaf/slash pine|8.5.3","Longleaf/slash pine","8.5.3","old80+",0.614,0.386,0.0913,0.5002,0.4085,0.8931
"GA","Oak/gum/cypress|8.5.3","Oak/gum/cypress","8.5.3","old80+",0.5508,0.4492,0.1593,0.3963,0.4444,0.1988
"GA","Oak/hickory|8.5.3","Oak/hickory","8.5.3","old80+",0.6238,0.3762,0.0836,0.5161,0.4002,0.0814
"GA","Oak/pine|8.5.3","Oak/pine","8.5.3","old80+",0.5738,0.4262,0.0856,0.45,0.4644,0.5212
"GA","Other eastern softwoods|8.5.3","Other eastern softwoods","8.5.3","old80+",0.4417,0.5583,0,0.6596,0.3404,0.6089
"GA","Woodland hardwoods|8.5.3","Woodland hardwoods","8.5.3","old80+",0.6044,0.3956,0.2487,0.1718,0.5796,0.0149
